Workbook

Sheet 従業員情報
A1: 社員番号 | B1: 氏名 | C1: フリガナ | D1: 性別 | E1: 部門コード | F1: 部門名称 | G1: 生年月日 | H1: 年齢 | I1: 入社日 | J1: 退職日 | K1: 給与基本開始年月 | L1: 給与体系コード | M1: 給与体系名称 | N1: 事業所パターン | O1: 事業所名称 | P1: 従業員区分 | Q1: 雇用保険 | R1: 労災保険 | S1: 税区分 | T1: 所得者区分 | U1: 障害者区分 | V1: 勤労学生 | W1: 災害者 | X1: 社保労働 | Y1: 賞与報酬 | Z1: 固定締日 | AA1: 固定締日Ｐ | AB1: 変動締日 | AC1: 変動締日Ｐ | AD1: 給与計算フラグ | AE1: 賞与計算フラグ | AF1: 年末調整フラグ | AG1: 社会保険フラグ | AH1: 育児休業社保免除 | AI1: 勤怠取込除外者フラグ | AJ1: 所得金額調整控除対象 | AK1: 介護保険特定被保険者 | AL1: 介護保険適用除外者
A2: 6122 | B2: 長島 峯 | C2: ﾅｶﾞｼﾏ ﾐﾈ | D2: 女性 | E2: 100 | F2: 顧問 | G2: 17133 | H2: 77 | I2: 38858 | K2: 42278 | L2: 40 | M2: 顧嘱託 | N2: 2 | O2: 三輪精機株式会社顧問 | P2: 常用 | Q2: 非対象 | R2: 非対象 | S2: 甲欄 | T2: 一般 | U2: 非対象 | V2: 非対象 | W2: 非対象 | X2: 給与体系 | Y2: 給与体系に準ずる | Z2: 31 | AA2: 前月 | AB2: 31 | AC2: 前月 | AD2: 計算する | AE2: 計算しない | AF2: 計算しない | AG2: 計算しない | AH2: なし | AI2: なし | AJ2: 非対象 | AK2: 非対象 | AL2: 非対象
A3: 6123 | B3: 西海 孝夫 | C3: ﾆｼｳﾐ ﾀｶｵ | D3: 男性 | E3: 100 | F3: 顧問 | H3: 0 | I3: 38930 | K3: 42278 | L3: 40 | M3: 顧嘱託 | N3: 2 | O3: 三輪精機株式会社顧問 | P3: 常用 | Q3: 非対象 | R3: 非対象 | S3: 甲欄 | T3: 一般 | U3: 非対象 | V3: 非対象 | W3: 非対象 | X3: 給与体系 | Y3: 給与体系に準ずる | Z3: 31 | AA3: 前月 | AB3: 31 | AC3: 前月 | AD3: 計算する | AE3: 計算しない | AF3: 計算しない | AG3: 計算しない | AH3: なし | AI3: なし | AJ3: 非対象 | AK3: 非対象 | AL3: 非対象
A4: 6127 | B4: 長島 利一 | C4: ﾅｶﾞｼﾏ ﾘｲﾁ | D4: 男性 | E4: 100 | F4: 顧問 | G4: 17225 | H4: 76 | I4: 39173 | K4: 42278 | L4: 40 | M4: 顧嘱託 | N4: 2 | O4: 三輪精機株式会社顧問 | P4: 常用 | Q4: 非対象 | R4: 非対象 | S4: 甲欄 | T4: 一般 | U4: 非対象 | V4: 非対象 | W4: 非対象 | X4: 給与体系 | Y4: 給与体系に準ずる | Z4: 31 | AA4: 前月 | AB4: 31 | AC4: 前月 | AD4: 計算する | AE4: 計算しない | AF4: 計算しない | AG4: 計算しない | AH4: なし | AI4: なし | AJ4: 非対象 | AK4: 非対象 | AL4: 非対象
A5: 6130 | B5: 宮島 文夫 | C5: ﾐﾔｼﾞﾏ ﾌﾐｵ | D5: 男性 | E5: 100 | F5: 顧問 | G5: 18841 | H5: 72 | I5: 41275 | K5: 42278 | L5: 40 | M5: 顧嘱託 | N5: 2 | O5: 三輪精機株式会社顧問 | P5: 常用 | Q5: 非対象 | R5: 非対象 | S5: 甲欄 | T5: 一般 | U5: 非対象 | V5: 非対象 | W5: 非対象 | X5: 給与体系 | Y5: 給与体系に準ずる | Z5: 31 | AA5: 前月 | AB5: 31 | AC5: 前月 | AD5: 計算する | AE5: 計算しない | AF5: 計算しない | AG5: 計算しない | AH5: なし | AI5: なし | AJ5: 非対象 | AK5: 非対象 | AL5: 非対象
A6: 6134 | B6: 鈴木 孝幸 | C6: ｽｽﾞｷ ﾀｶﾕｷ | D6: 男性 | E6: 100 | F6: 顧問 | G6: 14946 | H6: 83 | I6: 42614 | K6: 42644 | L6: 40 | M6: 顧嘱託 | N6: 3 | O6: 三輪精機株式会社役員 | P6: 常用 | Q6: 非対象 | R6: 非対象 | S6: 乙欄 | T6: 一般 | U6: 非対象 | V6: 非対象 | W6: 非対象 | X6: 給与体系 | Y6: 給与体系に準ずる | Z6: 31 | AA6: 前月 | AB6: 31 | AC6: 前月 | AD6: 計算する | AE6: 計算する | AF6: 計算しない | AG6: 計算しない | AH6: なし | AI6: なし | AJ6: 非対象 | AK6: 非対象 | AL6: 非対象
A7: 6135 | B7: 佐藤 浩二 | C7: ｻﾄｳ ｺｳｼﾞ | D7: 男性 | E7: 100 | F7: 顧問 | G7: 20342 | H7: 68 | I7: 43864 | K7: 44652 | L7: 95 | M7: 役員 | N7: 2 | O7: 三輪精機株式会社顧問 | P7: 常用 | Q7: 被保険者 | R7: 対象 | S7: 甲欄 | T7: 一般 | U7: 非対象 | V7: 非対象 | W7: 非対象 | X7: 給与体系 | Y7: 給与体系に準ずる | Z7: 31 | AA7: 前月 | AB7: 31 | AC7: 前月 | AD7: 計算しない | AE7: 計算しない | AF7: 計算しない | AG7: 計算しない | AH7: なし | AI7: なし | AJ7: 非対象 | AK7: 非対象 | AL7: 非対象
A8: 6137 | B8: 西海 絹子 | C8: ﾆｼｳﾐ ｷﾇｺ | D8: 女性 | G8: 17396 | H8: 76 | I8: 44927 | K8: 44927 | L8: 95 | M8: 役員 | N8: 3 | O8: 三輪精機株式会社役員 | P8: 常用 | Q8: 非対象 | R8: 非対象 | S8: 甲欄 | T8: 一般 | U8: 非対象 | V8: 非対象 | W8: 非対象 | X8: 給与体系 | Y8: 給与体系に準ずる | Z8: 31 | AA8: 前月 | AB8: 31 | AC8: 前月 | AD8: 計算しない | AE8: 計算しない | AF8: 計算しない | AG8: 計算しない | AH8: なし | AI8: なし | AJ8: 非対象 | AK8: 非対象 | AL8: 非対象
A9: 2820 | B9: 茂木 健 | C9: ﾓｷﾞ ﾀｹｼ | D9: 男性 | E9: 80000 | F9: ＮＥＬ | G9: 24130 | H9: 58 | I9: 32226 | K9: 43191 | L9: 95 | M9: 役員 | N9: 3 | O9: 三輪精機株式会社役員 | P9: 常用 | Q9: 被保険者 | R9: 対象 | S9: 甲欄 | T9: 一般 | U9: 非対象 | V9: 非対象 | W9: 非対象 | X9: 給与体系 | Y9: 給与体系に準ずる | Z9: 31 | AA9: 前月 | AB9: 31 | AC9: 前月 | AD9: 計算しない | AE9: 計算しない | AF9: 計算しない | AG9: 計算しない | AH9: なし | AI9: なし | AJ9: 非対象 | AK9: 非対象 | AL9: 非対象
A10: 3019 | B10: 桐山 尚也 | C10: ｷﾘﾔﾏ ﾅｵﾔ | D10: 男性 | E10: 51000 | F10: 品質保証部品質管理課 | G10: 26640 | H10: 51 | I10: 34780 | K10: 42278 | L10: 20 | M10: 月給者 | N10: 1 | O10: 三輪精機株式会社 | P10: 常用 | Q10: 被保険者 | R10: 対象 | S10: 甲欄 | T10: 一般 | U10: 非対象 | V10: 非対象 | W10: 非対象 | X10: 給与体系 | Y10: 給与体系に準ずる | Z10: 31 | AA10: 前月 | AB10: 31 | AC10: 前月 | AD10: 計算する | AE10: 計算する | AF10: 計算する | AG10: 計算する | AH10: なし | AI10: なし | AJ10: 非対象 | AK10: 非対象 | AL10: 非対象
A11: 3084 | B11: 新井 慎吾 | C11: ｱﾗｲ ｼﾝｺﾞ | D11: 男性 | E11: 63000 | F11: 品質保証部（羽生） | G11: 26669 | H11: 51 | I11: 34780 | K11: 42278 | L11: 20 | M11: 月給者 | N11: 1 | O11: 三輪精機株式会社 | P11: 常用 | Q11: 被保険者 | R11: 対象 | S11: 甲欄 | T11: 一般 | U11: 非対象 | V11: 非対象 | W11: 非対象 | X11: 給与体系 | Y11: 給与体系に準ずる | Z11: 31 | AA11: 前月 | AB11: 31 | AC11: 前月 | AD11: 計算する | AE11: 計算する | AF11: 計算する | AG11: 計算する | AH11: なし | AI11: なし | AJ11: 非対象 | AK11: 非対象 | AL11: 非対象
A12: 1339 | B12: 橋本 誠 | C12: ﾊｼﾓﾄ ﾏｺﾄ | D12: 男性 | E12: 63000 | F12: 品質保証部（羽生） | G12: 27250 | H12: 49 | I12: 38777 | K12: 42278 | L12: 20 | M12: 月給者 | N12: 1 | O12: 三輪精機株式会社 | P12: 常用 | Q12: 被保険者 | R12: 対象 | S12: 甲欄 | T12: 一般 | U12: 非対象 | V12: 非対象 | W12: 非対象 | X12: 給与体系 | Y12: 給与体系に準ずる | Z12: 31 | AA12: 前月 | AB12: 31 | AC12: 前月 | AD12: 計算する | AE12: 計算する | AF12: 計算する | AG12: 計算する | AH12: なし | AI12: なし | AJ12: 非対象 | AK12: 非対象 | AL12: 非対象
A13: 1412 | B13: 石井 達矢 | C13: ｲｼｲ ﾀﾂﾔ | D13: 男性 | E13: 63000 | F13: 品質保証部（羽生） | G13: 24538 | H13: 56 | I13: 44378 | K13: 44166 | L13: 20 | M13: 月給者 | N13: 1 | O13: 三輪精機株式会社 | P13: 常用 | Q13: 被保険者 | R13: 対象 | S13: 甲欄 | T13: 一般 | U13: 非対象 | V13: 非対象 | W13: 非対象 | X13: 給与体系 | Y13: 給与体系に準ずる | Z13: 31 | AA13: 前月 | AB13: 31 | AC13: 前月 | AD13: 計算する | AE13: 計算する | AF13: 計算する | AG13: 計算する | AH13: なし | AI13: なし | AJ13: 非対象 | AK13: 非対象 | AL13: 非対象
A14: 3320 | B14: 沢出 滋 | C14: ｻﾜｲﾃﾞ ｼｹﾞﾙ | D14: 男性 | E14: 63000 | F14: 品質保証部（羽生） | G14: 31896 | H14: 36 | I14: 40258 | K14: 42278 | L14: 20 | M14: 月給者 | N14: 1 | O14: 三輪精機株式会社 | P14: 常用 | Q14: 被保険者 | R14: 対象 | S14: 甲欄 | T14: 一般 | U14: 非対象 | V14: 非対象 | W14: 非対象 | X14: 給与体系 | Y14: 給与体系に準ずる | Z14: 31 | AA14: 前月 | AB14: 31 | AC14: 前月 | AD14: 計算する | AE14: 計算する | AF14: 計算する | AG14: 計算する | AH14: なし | AI14: なし | AJ14: 非対象 | AK14: 非対象 | AL14: 非対象
A15: 3431 | B15: 菊地 悠太 | C15: ｷｸﾁ ﾕｳﾀ | D15: 男性 | E15: 63000 | F15: 品質保証部（羽生） | G15: 33827 | H15: 31 | I15: 42095 | K15: 42278 | L15: 20 | M15: 月給者 | N15: 1 | O15: 三輪精機株式会社 | P15: 常用 | Q15: 被保険者 | R15: 対象 | S15: 甲欄 | T15: 一般 | U15: 非対象 | V15: 非対象 | W15: 非対象 | X15: 給与体系 | Y15: 給与体系に準ずる | Z15: 31 | AA15: 前月 | AB15: 31 | AC15: 前月 | AD15: 計算する | AE15: 計算する | AF15: 計算する | AG15: 計算する | AH15: なし | AI15: なし | AJ15: 非対象 | AK15: 非対象 | AL15: 非対象
A16: 3950 | B16: 川島 洋子 | C16: ｶﾜｼﾏ ﾖｳｺ | D16: 女性 | E16: 63000 | F16: 品質保証部（羽生） | G16: 25397 | H16: 54 | I16: 38769 | K16: 42278 | L16: 20 | M16: 月給者 | N16: 1 | O16: 三輪精機株式会社 | P16: 常用 | Q16: 被保険者 | R16: 対象 | S16: 甲欄 | T16: 寡婦 | U16: 非対象 | V16: 非対象 | W16: 非対象 | X16: 給与体系 | Y16: 給与体系に準ずる | Z16: 31 | AA16: 前月 | AB16: 31 | AC16: 前月 | AD16: 計算する | AE16: 計算する | AF16: 計算する | AG16: 計算する | AH16: なし | AI16: なし | AJ16: 非対象 | AK16: 非対象 | AL16: 非対象
A17: 1423 | B17: 佐々木 祐太 | C17: ｻｻｷ ﾕｳﾀ | D17: 男性 | E17: 63000 | F17: 品質保証部（羽生） | G17: 34901 | H17: 28 | I17: 44621 | K17: 44652 | L17: 20 | M17: 月給者 | N17: 1 | O17: 三輪精機株式会社 | P17: 常用 | Q17: 被保険者 | R17: 対象 | S17: 甲欄 | T17: 一般 | U17: 非対象 | V17: 非対象 | W17: 非対象 | X17: 給与体系 | Y17: 給与体系に準ずる | Z17: 31 | AA17: 前月 | AB17: 31 | AC17: 前月 | AD17: 計算する | AE17: 計算する | AF17: 計算する | AG17: 計算する | AH17: なし | AI17: なし | AJ17: 非対象 | AK17: 非対象 | AL17: 非対象
A18: 3380 | B18: 吉崎 涼 | C18: ﾖｼｻﾞｷ ﾘﾖｳ | D18: 男性 | E18: 63000 | F18: 品質保証部（羽生） | G18: 34150 | H18: 30 | I18: 40989 | K18: 42278 | L18: 20 | M18: 月給者 | N18: 1 | O18: 三輪精機株式会社 | P18: 常用 | Q18: 被保険者 | R18: 対象 | S18: 甲欄 | T18: 一般 | U18: 非対象 | V18: 非対象 | W18: 非対象 | X18: 給与体系 | Y18: 給与体系に準ずる | Z18: 31 | AA18: 前月 | AB18: 31 | AC18: 前月 | AD18: 計算する | AE18: 計算する | AF18: 計算する | AG18: 計算する | AH18: なし | AI18: なし | AJ18: 非対象 | AK18: 非対象 | AL18: 非対象
A19: 3537 | B19: 針谷 大和 | C19: ﾊﾘｶﾞﾔ ﾀｲﾄ | D19: 男性 | E19: 63000 | F19: 品質保証部（羽生） | G19: 36807 | H19: 23 | I19: 45017 | K19: 45047 | L19: 20 | M19: 月給者 | N19: 1 | O19: 三輪精機株式会社 | P19: 常用 | Q19: 被保険者 | R19: 対象 | S19: 甲欄 | T19: 一般 | U19: 非対象 | V19: 非対象 | W19: 非対象 | X19: 給与体系 | Y19: 給与体系に準ずる | Z19: 31 | AA19: 前月 | AB19: 31 | AC19: 前月 | AD19: 計算する | AE19: 計算する | AF19: 計算する | AG19: 計算する | AH19: なし | AI19: なし | AJ19: 非対象 | AK19: 非対象 | AL19: 非対象
A20: 5062 | B20: 鈴木 昇 | C20: ｽｽﾞｷ ﾉﾎﾞﾙ | D20: 男性 | E20: 63000 | F20: 品質保証部（羽生） | G20: 24323 | H20: 57 | I20: 30035 | K20: 42278 | L20: 20 | M20: 月給者 | N20: 1 | O20: 三輪精機株式会社 | P20: 常用 | Q20: 被保険者 | R20: 対象 | S20: 甲欄 | T20: 一般 | U20: 非対象 | V20: 非対象 | W20: 非対象 | X20: 給与体系 | Y20: 給与体系に準ずる | Z20: 31 | AA20: 前月 | AB20: 31 | AC20: 前月 | AD20: 計算する | AE20: 計算する | AF20: 計算する | AG20: 計算する | AH20: なし | AI20: なし | AJ20: 非対象 | AK20: 非対象 | AL20: 非対象
... A35: 3392 | B35: 木下 由紀子 | C35: ｷｼﾀ ﾕｷｺ | D35: 女性 | E35: 3000 | F35: 経営管理部 | G35: 33305 | H35: 32 | I35: 41354 | K35: 42278 | L35: 20 | M35: 月給者 | N35: 1 | O35: 三輪精機株式会社 | P35: 常用 | Q35: 被保険者 | R35: 対象 | S35: 甲欄 | T35: 一般 | U35: 非対象 | V35: 非対象 | W35: 非対象 | X35: 給与体系 | Y35: 給与体系に準ずる | Z35: 31 | AA35: 前月 | AB35: 31 | AC35: 前月 | AD35: 計算する | AE35: 計算する | AF35: 計算する | AG35: 計算する | AH35: なし | AI35: なし | AJ35: 非対象 | AK35: 非対象 | AL35: 非対象
A36: 1307 | B36: 西海 栄一 | C36: ﾆｼｳﾐ ｴｲｲﾁ | D36: 男性 | G36: 26766 | H36: 50 | I36: 36251 | K36: 42278 | L36: 95 | M36: 役員 | N36: 3 | O36: 三輪精機株式会社役員 | P36: 常用 | Q36: 非対象 | R36: 非対象 | S36: 甲欄 | T36: 一般 | U36: 非対象 | V36: 非対象 | W36: 非対象 | X36: 給与体系 | Y36: 給与体系に準ずる | Z36: 31 | AA36: 前月 | AB36: 31 | AC36: 前月 | AD36: 計算する | AE36: 計算する | AF36: 計算する | AG36: 計算する | AH36: なし | AI36: なし | AJ36: 非対象 | AK36: 非対象 | AL36: 非対象
A37: 1420 | B37: 三原 繁一 | C37: ﾐﾊﾗ ｼｹﾞｶｽﾞ | D37: 男性 | E37: 1000 | F37: 人事部 | G37: 27963 | H37: 47 | I37: 44562 | K37: 44562 | L37: 20 | M37: 月給者 | N37: 1 | O37: 三輪精機株式会社 | P37: 常用 | Q37: 被保険者 | R37: 対象 | S37: 甲欄 | T37: 一般 | U37: 非対象 | V37: 非対象 | W37: 非対象 | X37: 給与体系 | Y37: 給与体系に準ずる | Z37: 31 | AA37: 前月 | AB37: 31 | AC37: 前月 | AD37: 計算する | AE37: 計算する | AF37: 計算する | AG37: 計算する | AH37: なし | AI37: なし | AJ37: 非対象 | AK37: 非対象 | AL37: 非対象
A38: 2497 | B38: 時田 俊彦 | C38: ﾄｷﾀﾄｼﾋｺ | D38: 男性 | E38: 30000 | F38: 生産技術部１課 | G38: 20142 | H38: 68 | I38: 28564 | K38: 42278 | L38: 95 | M38: 役員 | N38: 1 | O38: 三輪精機株式会社 | P38: 常用 | Q38: 非対象 | R38: 非対象 | S38: 甲欄 | T38: 一般 | U38: 非対象 | V38: 非対象 | W38: 非対象 | X38: 給与体系 | Y38: 給与体系に準ずる | Z38: 31 | AA38: 前月 | AB38: 31 | AC38: 前月 | AD38: 計算しない | AE38: 計算しない | AF38: 計算しない | AG38: 計算しない | AH38: なし | AI38: なし | AJ38: 非対象 | AK38: 非対象 | AL38: 非対象
A39: 6136 | B39: 富山 敦子 | C39: ﾄﾐﾔﾏ ｱﾂｺ | D39: 女性 | E39: 1020 | F39: 人事部 | G39: 21072 | H39: 66 | I39: 44242 | K39: 44256 | L39: 70 | M39: ﾊﾟｰﾄ失 | N39: 1 | O39: 三輪精機株式会社 | P39: 常用 | Q39: 被保険者 | R39: 対象 | S39: 甲欄 | T39: 一般 | U39: 非対象 | V39: 非対象 | W39: 非対象 | X39: 給与体系 | Y39: 給与体系に準ずる | Z39: 31 | AA39: 前月 | AB39: 31 | AC39: 前月 | AD39: 計算する | AE39: 計算する | AF39: 計算する | AG39: 計算する | AH39: なし | AI39: なし | AJ39: 非対象 | AK39: 非対象 | AL39: 非対象
A40: 1376 | B40: 山本 剛史 | C40: ﾔﾏﾓﾄ ﾏｻｼ | D40: 男性 | E40: 1000 | F40: 人事部 | G40: 29924 | H40: 42 | I40: 40960 | K40: 45200 | L40: 20 | M40: 月給者 | N40: 1 | O40: 三輪精機株式会社 | P40: 常用 | Q40: 被保険者 | R40: 対象 | S40: 甲欄 | T40: 一般 | U40: 非対象 | V40: 非対象 | W40: 非対象 | X40: 給与体系 | Y40: 給与体系に準ずる | Z40: 31 | AA40: 前月 | AB40: 31 | AC40: 前月 | AD40: 計算する | AE40: 計算する | AF40: 計算する | AG40: 計算する | AH40: なし | AI40: なし | AJ40: 非対象 | AK40: 非対象 | AL40: 非対象
A41: 3375 | B41: 立花 舞 | C41: ﾀﾁﾊﾞﾅ ﾏｲ | D41: 女性 | E41: 1000 | F41: 人事部 | G41: 34308 | H41: 30 | I41: 40989 | K41: 44713 | L41: 20 | M41: 月給者 | N41: 1 | O41: 三輪精機株式会社 | P41: 常用 | Q41: 被保険者 | R41: 対象 | S41: 甲欄 | T41: 一般 | U41: 非対象 | V41: 非対象 | W41: 非対象 | X41: 給与体系 | Y41: 給与体系に準ずる | Z41: 31 | AA41: 前月 | AB41: 31 | AC41: 前月 | AD41: 計算する | AE41: 計算する | AF41: 計算する | AG41: 計算する | AH41: なし | AI41: なし | AJ41: 非対象 | AK41: 非対象 | AL41: 非対象
A42: 1399 | B42: 松原 幸生 | C42: ﾏﾂﾊﾞﾗ ｻｷｵ | D42: 男性 | E42: 1000 | F42: 人事部 | G42: 24273 | H42: 57 | I42: 43374 | K42: 43405 | L42: 20 | M42: 月給者 | N42: 1 | O42: 三輪精機株式会社 | P42: 常用 | Q42: 被保険者 | R42: 対象 | S42: 甲欄 | T42: 一般 | U42: 非対象 | V42: 非対象 | W42: 非対象 | X42: 給与体系 | Y42: 給与体系に準ずる | Z42: 31 | AA42: 前月 | AB42: 31 | AC42: 前月 | AD42: 計算する | AE42: 計算する | AF42: 計算する | AG42: 計算する | AH42: なし | AI42: なし | AJ42: 非対象 | AK42: 非対象 | AL42: 非対象
A43: 3545 | B43: 今村 哲朗 | C43: ｲﾏﾑﾗ ﾃﾂﾛｳ | D43: 男性 | E43: 1000 | F43: 人事部 | G43: 36889 | H43: 23 | I43: 45017 | K43: 45047 | L43: 20 | M43: 月給者 | N43: 1 | O43: 三輪精機株式会社 | P43: 常用 | Q43: 被保険者 | R43: 対象 | S43: 甲欄 | T43: 一般 | U43: 一般障害 | V43: 非対象 | W43: 非対象 | X43: 給与体系 | Y43: 給与体系に準ずる | Z43: 31 | AA43: 前月 | AB43: 31 | AC43: 前月 | AD43: 計算する | AE43: 計算する | AF43: 計算する | AG43: 計算する | AH43: なし | AI43: なし | AJ43: 非対象 | AK43: 非対象 | AL43: 非対象
A44: 3936 | B44: 井出 雄三 | C44: ｲﾃﾞ ﾕｳｿﾞｳ | D44: 男性 | E44: 1000 | F44: 人事部 | G44: 28377 | H44: 46 | I44: 38769 | K44: 45261 | L44: 20 | M44: 月給者 | N44: 1 | O44: 三輪精機株式会社 | P44: 常用 | Q44: 被保険者 | R44: 対象 | S44: 甲欄 | T44: 一般 | U44: 非対象 | V44: 非対象 | W44: 非対象 | X44: 給与体系 | Y44: 給与体系に準ずる | Z44: 31 | AA44: 前月 | AB44: 31 | AC44: 前月 | AD44: 計算する | AE44: 計算する | AF44: 計算する | AG44: 計算する | AH44: なし | AI44: なし | AJ44: 非対象 | AK44: 非対象 | AL44: 非対象
A45: 1408 | B45: 老沼 信彦 | C45: ｵｲﾇﾏ ﾉﾌﾞﾋｺ | D45: 男性 | E45: 1100 | F45: 人事部羽生 | G45: 23097 | H45: 60 | I45: 43934 | K45: 43952 | L45: 20 | M45: 月給者 | N45: 1 | O45: 三輪精機株式会社 | P45: 常用 | Q45: 被保険者 | R45: 対象 | S45: 甲欄 | T45: 一般 | U45: 非対象 | V45: 非対象 | W45: 非対象 | X45: 給与体系 | Y45: 給与体系に準ずる | Z45: 31 | AA45: 前月 | AB45: 31 | AC45: 前月 | AD45: 計算する | AE45: 計算する | AF45: 計算する | AG45: 計算する | AH45: なし | AI45: なし | AJ45: 非対象 | AK45: 非対象 | AL45: 非対象
A46: 3002 | B46: 堤 松子 | C46: ﾂﾂﾐ ｼｮｳｺ | D46: 女性 | E46: 1100 | F46: 人事部羽生 | G46: 27782 | H46: 48 | I46: 34415 | K46: 42278 | L46: 20 | M46: 月給者 | N46: 1 | O46: 三輪精機株式会社 | P46: 常用 | Q46: 被保険者 | R46: 対象 | S46: 甲欄 | T46: 一般 | U46: 非対象 | V46: 非対象 | W46: 非対象 | X46: 給与体系 | Y46: 給与体系に準ずる | Z46: 31 | AA46: 前月 | AB46: 31 | AC46: 前月 | AD46: 計算する | AE46: 計算する | AF46: 計算する | AG46: 計算する | AH46: なし | AI46: なし | AJ46: 非対象 | AK46: 非対象 | AL46: 非対象
A47: 3415 | B47: 味志 康平 | C47: ｱｼﾞｼ ｺｳﾍｲ | D47: 男性 | E47: 1100 | F47: 人事部羽生 | G47: 32694 | H47: 34 | I47: 41719 | K47: 42278 | L47: 20 | M47: 月給者 | N47: 1 | O47: 三輪精機株式会社 | P47: 常用 | Q47: 被保険者 | R47: 対象 | S47: 甲欄 | T47: 一般 | U47: 非対象 | V47: 非対象 | W47: 非対象 | X47: 給与体系 | Y47: 給与体系に準ずる | Z47: 31 | AA47: 前月 | AB47: 31 | AC47: 前月 | AD47: 計算する | AE47: 計算する | AF47: 計算する | AG47: 計算する | AH47: なし | AI47: なし | AJ47: 非対象 | AK47: 非対象 | AL47: 非対象
A48: 1291 | B48: 石塚 隆司 | C48: ｲｼﾂﾞｶ ﾘﾕｳｼﾞ | D48: 男性 | G48: 24777 | H48: 56 | I48: 34415 | K48: 44593 | L48: 95 | M48: 役員 | N48: 3 | O48: 三輪精機株式会社役員 | P48: 常用 | Q48: 被保険者 | R48: 対象 | S48: 甲欄 | T48: 一般 | U48: 非対象 | V48: 非対象 | W48: 非対象 | X48: 給与体系 | Y48: 給与体系に準ずる | Z48: 31 | AA48: 前月 | AB48: 31 | AC48: 前月 | AD48: 計算しない | AE48: 計算しない | AF48: 計算しない | AG48: 計算しない | AH48: なし | AI48: なし | AJ48: 非対象 | AK48: 非対象 | AL48: 非対象
A49: 1367 | B49: 外山 亮司 | C49: ﾄﾔﾏ ﾘﾖｳｼﾞ | D49: 男性 | E49: 10000 | F49: 営業部 | G49: 25576 | H49: 54 | I49: 40513 | K49: 44531 | L49: 20 | M49: 月給者 | N49: 3 | O49: 三輪精機株式会社役員 | P49: 常用 | Q49: 被保険者 | R49: 対象 | S49: 甲欄 | T49: 一般 | U49: 非対象 | V49: 非対象 | W49: 非対象 | X49: 給与体系 | Y49: 給与体系に準ずる | Z49: 31 | AA49: 前月 | AB49: 31 | AC49: 前月 | AD49: 計算しない | AE49: 計算しない | AF49: 計算しない | AG49: 計算しない | AH49: なし | AI49: なし | AJ49: 非対象 | AK49: 非対象 | AL49: 非対象
A50: 2515 | B50: 秋山 久 | C50: ｱｷﾔﾏﾋｻｼ | D50: 男性 | E50: 30000 | F50: 生産技術部１課 | G50: 20645 | H50: 67 | I50: 28937 | K50: 42278 | L50: 95 | M50: 役員 | N50: 3 | O50: 三輪精機株式会社役員 | P50: 常用 | Q50: 非対象 | R50: 非対象 | S50: 甲欄 | T50: 一般 | U50: 非対象 | V50: 非対象 | W50: 非対象 | X50: 給与体系 | Y50: 給与体系に準ずる | Z50: 31 | AA50: 前月 | AB50: 31 | AC50: 前月 | AD50: 計算しない | AE50: 計算しない | AF50: 計算しない | AG50: 計算しない | AH50: なし | AI50: なし | AJ50: 非対象 | AK50: 非対象 | AL50: 非対象
A51: 1323 | B51: 戸田 鉄也 | C51: ﾄﾀﾞ ﾃﾂﾔ | D51: 男性 | E51: 10000 | F51: 営業部 | G51: 26590 | H51: 51 | I51: 37747 | K51: 42278 | L51: 20 | M51: 月給者 | N51: 1 | O51: 三輪精機株式会社 | P51: 常用 | Q51: 被保険者 | R51: 対象 | S51: 甲欄 | T51: 一般 | U51: 非対象 | V51: 非対象 | W51: 非対象 | X51: 給与体系 | Y51: 給与体系に準ずる | Z51: 31 | AA51: 前月 | AB51: 31 | AC51: 前月 | AD51: 計算する | AE51: 計算する | AF51: 計算する | AG51: 計算する | AH51: なし | AI51: なし | AJ51: 非対象 | AK51: 非対象 | AL51: 非対象
A52: 1397 | B52: 袴田 晴夫 | C52: ﾊｶﾏﾀﾞ ﾊﾙｵ | D52: 男性 | E52: 10000 | F52: 営業部 | G52: 29517 | H52: 43 | I52: 43160 | K52: 43191 | L52: 20 | M52: 月給者 | N52: 1 | O52: 三輪精機株式会社 | P52: 常用 | Q52: 被保険者 | R52: 対象 | S52: 甲欄 | T52: 一般 | U52: 非対象 | V52: 非対象 | W52: 非対象 | X52: 給与体系 | Y52: 給与体系に準ずる | Z52: 31 | AA52: 前月 | AB52: 31 | AC52: 前月 | AD52: 計算する | AE52: 計算する | AF52: 計算する | AG52: 計算する | AH52: なし | AI52: なし | AJ52: 非対象 | AK52: 非対象 | AL52: 非対象
A53: 3297 | B53: 羽鳥 麻里 | C53: ﾊﾄﾘ ﾏﾘ | D53: 女性 | E53: 10000 | F53: 営業部 | G53: 32945 | H53: 33 | I53: 39528 | K53: 42278 | L53: 20 | M53: 月給者 | N53: 1 | O53: 三輪精機株式会社 | P53: 常用 | Q53: 被保険者 | R53: 対象 | S53: 甲欄 | T53: 一般 | U53: 非対象 | V53: 非対象 | W53: 非対象 | X53: 給与体系 | Y53: 給与体系に準ずる | Z53: 31 | AA53: 前月 | AB53: 31 | AC53: 前月 | AD53: 計算する | AE53: 計算する | AF53: 計算する | AG53: 計算する | AH53: 免除する | AI53: なし | AJ53: 非対象 | AK53: 非対象 | AL53: 非対象
A54: 3491 | B54: 中村 友和 | C54: ﾅｶﾑﾗ ﾄﾓｶｽﾞ | D54: 男性 | E54: 10000 | F54: 営業部 | G54: 34813 | H54: 28 | I54: 43191 | K54: 43191 | L54: 20 | M54: 月給者 | N54: 1 | O54: 三輪精機株式会社 | P54: 常用 | Q54: 被保険者 | R54: 対象 | S54: 甲欄 | T54: 一般 | U54: 非対象 | V54: 非対象 | W54: 非対象 | X54: 給与体系 | Y54: 給与体系に準ずる | Z54: 31 | AA54: 前月 | AB54: 31 | AC54: 前月 | AD54: 計算する | AE54: 計算する | AF54: 計算する | AG54: 計算する | AH54: なし | AI54: なし | AJ54: 非対象 | AK54: 非対象 | AL54: 非対象
A55: 3503 | B55: 横山 準弥 | C55: ﾖｺﾔﾏ ｼﾞｭﾝﾔ | D55: 男性 | E55: 10000 | F55: 営業部 | G55: 35227 | H55: 27 | I55: 43556 | K55: 43586 | L55: 20 | M55: 月給者 | N55: 1 | O55: 三輪精機株式会社 | P55: 常用 | Q55: 被保険者 | R55: 対象 | S55: 甲欄 | T55: 一般 | U55: 非対象 | V55: 非対象 | W55: 非対象 | X55: 給与体系 | Y55: 給与体系に準ずる | Z55: 31 | AA55: 前月 | AB55: 31 | AC55: 前月 | AD55: 計算する | AE55: 計算する | AF55: 計算する | AG55: 計算する | AH55: なし | AI55: なし | AJ55: 非対象 | AK55: 非対象 | AL55: 非対象
A56: 8234 | B56: 櫻井 綾美 | C56: ｻｸﾗｲ ｱﾔﾐ | D56: 女性 | E56: 10020 | F56: 営業部 | G56: 32402 | H56: 35 | I56: 45012 | K56: 45017 | L56: 70 | M56: ﾊﾟｰﾄ失 | N56: 1 | O56: 三輪精機株式会社 | P56: 常用 | Q56: 被保険者 | R56: 対象 | S56: 甲欄 | T56: 一般 | U56: 非対象 | V56: 非対象 | W56: 非対象 | X56: 給与体系 | Y56: 給与体系に準ずる | Z56: 31 | AA56: 前月 | AB56: 31 | AC56: 前月 | AD56: 計算する | AE56: 計算する | AF56: 計算する | AG56: 計算する | AH56: なし | AI56: なし | AJ56: 非対象 | AK56: 非対象 | AL56: 非対象
A57: 1410 | B57: 石田 詩織 | C57: ｲｼﾀﾞ ｼｵﾘ | D57: 女性 | E57: 10000 | F57: 営業部 | G57: 34645 | H57: 29 | I57: 44095 | K57: 43800 | L57: 20 | M57: 月給者 | N57: 1 | O57: 三輪精機株式会社 | P57: 常用 | Q57: 被保険者 | R57: 対象 | S57: 甲欄 | T57: 一般 | U57: 非対象 | V57: 非対象 | W57: 非対象 | X57: 給与体系 | Y57: 給与体系に準ずる | Z57: 31 | AA57: 前月 | AB57: 31 | AC57: 前月 | AD57: 計算する | AE57: 計算する | AF57: 計算する | AG57: 計算する | AH57: なし | AI57: なし | AJ57: 非対象 | AK57: 非対象 | AL57: 非対象
A58: 2912 | B58: 尾崎 洋子 | C58: ｵｻﾞｷ ﾖｳｺ | D58: 女性 | E58: 10000 | F58: 営業部 | G58: 26992 | H58: 50 | I58: 33686 | K58: 42278 | L58: 20 | M58: 月給者 | N58: 1 | O58: 三輪精機株式会社 | P58: 常用 | Q58: 被保険者 | R58: 対象 | S58: 甲欄 | T58: 一般 | U58: 非対象 | V58: 非対象 | W58: 非対象 | X58: 給与体系 | Y58: 給与体系に準ずる | Z58: 31 | AA58: 前月 | AB58: 31 | AC58: 前月 | AD58: 計算する | AE58: 計算する | AF58: 計算する | AG58: 計算する | AH58: なし | AI58: なし | AJ58: 非対象 | AK58: 非対象 | AL58: 非対象
A59: 3129 | B59: 莖田 智樹 | C59: ｸｷﾀ ﾄﾓｷ | D59: 男性 | E59: 10000 | F59: 営業部 | G59: 27079 | H59: 49 | I59: 35510 | K59: 42278 | L59: 20 | M59: 月給者 | N59: 1 | O59: 三輪精機株式会社 | P59: 常用 | Q59: 被保険者 | R59: 対象 | S59: 甲欄 | T59: 一般 | U59: 非対象 | V59: 非対象 | W59: 非対象 | X59: 給与体系 | Y59: 給与体系に準ずる | Z59: 31 | AA59: 前月 | AB59: 31 | AC59: 前月 | AD59: 計算する | AE59: 計算する | AF59: 計算する | AG59: 計算する | AH59: なし | AI59: なし | AJ59: 非対象 | AK59: 非対象 | AL59: 非対象
A60: 3210 | B60: 松本 和幸 | C60: ﾏﾂﾓﾄ ｶｽﾞﾕｷ | D60: 男性 | E60: 10000 | F60: 営業部 | G60: 29726 | H60: 42 | I60: 38068 | K60: 42278 | L60: 20 | M60: 月給者 | N60: 1 | O60: 三輪精機株式会社 | P60: 常用 | Q60: 被保険者 | R60: 対象 | S60: 甲欄 | T60: 一般 | U60: 非対象 | V60: 非対象 | W60: 非対象 | X60: 給与体系 | Y60: 給与体系に準ずる | Z60: 31 | AA60: 前月 | AB60: 31 | AC60: 前月 | AD60: 計算する | AE60: 計算する | AF60: 計算する | AG60: 計算する | AH60: なし | AI60: なし | AJ60: 非対象 | AK60: 非対象 | AL60: 非対象
... A77: 3354 | B77: 安齊 美咲 | C77: ｱﾝｻﾞｲ ﾐｻｷ | D77: 女性 | E77: 80000 | F77: ＮＥＬ | G77: 33997 | H77: 31 | I77: 40623 | K77: 45047 | L77: 20 | M77: 月給者 | N77: 1 | O77: 三輪精機株式会社 | P77: 常用 | Q77: 被保険者 | R77: 対象 | S77: 甲欄 | T77: 一般 | U77: 非対象 | V77: 非対象 | W77: 非対象 | X77: 給与体系 | Y77: 給与体系に準ずる | Z77: 31 | AA77: 前月 | AB77: 31 | AC77: 前月 | AD77: 計算する | AE77: 計算する | AF77: 計算する | AG77: 計算する | AH77: なし | AI77: なし | AJ77: 非対象 | AK77: 非対象 | AL77: 非対象
A78: 8158 | B78: 清宮 也寸彦 | C78: ｾｲﾐﾔ ﾔｽﾋｺ | D78: 男性 | E78: 80020 | F78: ＮＥＬ | G78: 20093 | H78: 69 | I78: 42375 | J78: 45295 | K78: 45323 | L78: 70 | M78: ﾊﾟｰﾄ失 | N78: 1 | O78: 三輪精機株式会社 | P78: 常用 | Q78: 被保険者 | R78: 対象 | S78: 乙欄 | T78: 一般 | U78: 非対象 | V78: 非対象 | W78: 非対象 | X78: 給与体系 | Y78: 給与体系に準ずる | Z78: 31 | AA78: 前月 | AB78: 31 | AC78: 前月 | AD78: 計算する | AE78: 計算する | AF78: 計算しない | AG78: 計算しない | AH78: なし | AI78: なし | AJ78: 非対象 | AK78: 対象 | AL78: 非対象
A79: 3160 | B79: 高橋 拓也 | C79: ﾀｶﾊｼ ﾀｸﾔ | D79: 男性 | E79: 80000 | F79: ＮＥＬ | G79: 28048 | H79: 47 | I79: 36241 | K79: 42278 | L79: 20 | M79: 月給者 | N79: 1 | O79: 三輪精機株式会社 | P79: 常用 | Q79: 被保険者 | R79: 対象 | S79: 甲欄 | T79: 一般 | U79: 非対象 | V79: 非対象 | W79: 非対象 | X79: 給与体系 | Y79: 給与体系に準ずる | Z79: 31 | AA79: 前月 | AB79: 31 | AC79: 前月 | AD79: 計算する | AE79: 計算する | AF79: 計算する | AG79: 計算する | AH79: なし | AI79: なし | AJ79: 非対象 | AK79: 対象 | AL79: 非対象
A80: 3181 | B80: 飯塚 将範 | C80: ｲｲﾂﾞｶ ﾏｻﾉﾘ | D80: 男性 | E80: 80000 | F80: ＮＥＬ | G80: 29039 | H80: 44 | I80: 37337 | K80: 42278 | L80: 20 | M80: 月給者 | N80: 1 | O80: 三輪精機株式会社 | P80: 常用 | Q80: 被保険者 | R80: 対象 | S80: 甲欄 | T80: 一般 | U80: 非対象 | V80: 非対象 | W80: 非対象 | X80: 給与体系 | Y80: 給与体系に準ずる | Z80: 31 | AA80: 前月 | AB80: 31 | AC80: 前月 | AD80: 計算する | AE80: 計算する | AF80: 計算する | AG80: 計算する | AH80: なし | AI80: なし | AJ80: 非対象 | AK80: 非対象 | AL80: 非対象
A81: 3336 | B81: 熊谷 卓也 | C81: ｸﾏｶﾞｲ ﾀｸﾔ | D81: 男性 | E81: 80000 | F81: ＮＥＬ | G81: 32356 | H81: 35 | I81: 40623 | K81: 45261 | L81: 20 | M81: 月給者 | N81: 1 | O81: 三輪精機株式会社 | P81: 常用 | Q81: 被保険者 | R81: 対象 | S81: 甲欄 | T81: 一般 | U81: 非対象 | V81: 非対象 | W81: 非対象 | X81: 給与体系 | Y81: 給与体系に準ずる | Z81: 31 | AA81: 前月 | AB81: 31 | AC81: 前月 | AD81: 計算する | AE81: 計算する | AF81: 計算する | AG81: 計算する | AH81: なし | AI81: なし | AJ81: 非対象 | AK81: 非対象 | AL81: 非対象
A82: 3357 | B82: 下山 普司 | C82: ｼﾓﾔﾏ ｼﾝｼﾞ | D82: 男性 | E82: 80000 | F82: ＮＥＬ | G82: 32111 | H82: 36 | I82: 40989 | K82: 42278 | L82: 20 | M82: 月給者 | N82: 1 | O82: 三輪精機株式会社 | P82: 常用 | Q82: 被保険者 | R82: 対象 | S82: 甲欄 | T82: 一般 | U82: 非対象 | V82: 非対象 | W82: 非対象 | X82: 給与体系 | Y82: 給与体系に準ずる | Z82: 31 | AA82: 前月 | AB82: 31 | AC82: 前月 | AD82: 計算する | AE82: 計算する | AF82: 計算する | AG82: 計算する | AH82: なし | AI82: なし | AJ82: 非対象 | AK82: 非対象 | AL82: 非対象
A83: 3488 | B83: 木村 晴海 | C83: ｷﾑﾗ ﾊﾙﾐ | D83: 男性 | E83: 80000 | F83: ＮＥＬ | G83: 35147 | H83: 27 | I83: 43191 | K83: 43191 | L83: 20 | M83: 月給者 | N83: 1 | O83: 三輪精機株式会社 | P83: 常用 | Q83: 被保険者 | R83: 対象 | S83: 甲欄 | T83: 一般 | U83: 非対象 | V83: 非対象 | W83: 非対象 | X83: 給与体系 | Y83: 給与体系に準ずる | Z83: 31 | AA83: 前月 | AB83: 31 | AC83: 前月 | AD83: 計算する | AE83: 計算する | AF83: 計算する | AG83: 計算する | AH83: なし | AI83: なし | AJ83: 非対象 | AK83: 非対象 | AL83: 非対象
A84: 1311 | B84: 齋藤 正晃 | C84: ｻｲﾄｳ ﾏｻｱｷ | D84: 男性 | E84: 80000 | F84: ＮＥＬ | G84: 26998 | H84: 50 | I84: 35510 | K84: 42278 | L84: 20 | M84: 月給者 | N84: 1 | O84: 三輪精機株式会社 | P84: 常用 | Q84: 被保険者 | R84: 対象 | S84: 甲欄 | T84: 一般 | U84: 非対象 | V84: 非対象 | W84: 非対象 | X84: 給与体系 | Y84: 給与体系に準ずる | Z84: 31 | AA84: 前月 | AB84: 31 | AC84: 前月 | AD84: 計算する | AE84: 計算する | AF84: 計算する | AG84: 計算する | AH84: なし | AI84: なし | AJ84: 非対象 | AK84: 非対象 | AL84: 非対象
A85: 1344 | B85: 青木 洋介 | C85: ｱｵｷ ﾖｳｽｹ | D85: 男性 | E85: 80000 | F85: ＮＥＬ | G85: 29072 | H85: 44 | I85: 39510 | K85: 42278 | L85: 20 | M85: 月給者 | N85: 1 | O85: 三輪精機株式会社 | P85: 常用 | Q85: 被保険者 | R85: 対象 | S85: 甲欄 | T85: 一般 | U85: 非対象 | V85: 非対象 | W85: 非対象 | X85: 給与体系 | Y85: 給与体系に準ずる | Z85: 31 | AA85: 前月 | AB85: 31 | AC85: 前月 | AD85: 計算する | AE85: 計算する | AF85: 計算する | AG85: 計算する | AH85: なし | AI85: なし | AJ85: 非対象 | AK85: 非対象 | AL85: 非対象
A86: 1444 | B86: 福島 一太郎 | C86: ﾌｸｼﾏ ｲﾁﾀﾛｳ | D86: 男性 | E86: 80000 | F86: ＮＥＬ | G86: 31447 | H86: 37 | I86: 44949 | K86: 44927 | L86: 20 | M86: 月給者 | N86: 1 | O86: 三輪精機株式会社 | P86: 常用 | Q86: 被保険者 | R86: 対象 | S86: 甲欄 | T86: 一般 | U86: 非対象 | V86: 非対象 | W86: 非対象 | X86: 給与体系 | Y86: 給与体系に準ずる | Z86: 31 | AA86: 前月 | AB86: 31 | AC86: 前月 | AD86: 計算する | AE86: 計算する | AF86: 計算する | AG86: 計算する | AH86: なし | AI86: なし | AJ86: 非対象 | AK86: 非対象 | AL86: 非対象
A87: 2990 | B87: 春山 智津子 | C87: ﾊﾙﾔﾏ ﾁｽﾞｺ | D87: 女性 | E87: 80000 | F87: ＮＥＬ | G87: 26801 | H87: 50 | I87: 34415 | K87: 42278 | L87: 20 | M87: 月給者 | N87: 1 | O87: 三輪精機株式会社 | P87: 常用 | Q87: 被保険者 | R87: 対象 | S87: 甲欄 | T87: 一般 | U87: 非対象 | V87: 非対象 | W87: 非対象 | X87: 給与体系 | Y87: 給与体系に準ずる | Z87: 31 | AA87: 前月 | AB87: 31 | AC87: 前月 | AD87: 計算する | AE87: 計算する | AF87: 計算する | AG87: 計算する | AH87: なし | AI87: なし | AJ87: 非対象 | AK87: 非対象 | AL87: 非対象
A88: 3092 | B88: 山田 哲也 | C88: ﾔﾏﾀﾞ ﾃﾂﾔ | D88: 男性 | E88: 80000 | F88: ＮＥＬ | G88: 25607 | H88: 53 | I88: 35145 | K88: 42278 | L88: 20 | M88: 月給者 | N88: 1 | O88: 三輪精機株式会社 | P88: 常用 | Q88: 被保険者 | R88: 対象 | S88: 甲欄 | T88: 一般 | U88: 非対象 | V88: 非対象 | W88: 非対象 | X88: 給与体系 | Y88: 給与体系に準ずる | Z88: 31 | AA88: 前月 | AB88: 31 | AC88: 前月 | AD88: 計算する | AE88: 計算する | AF88: 計算する | AG88: 計算する | AH88: なし | AI88: なし | AJ88: 非対象 | AK88: 非対象 | AL88: 非対象
A89: 3168 | B89: 森 洋晃 | C89: ﾓﾘ ﾋﾛｱｷ | D89: 男性 | E89: 80000 | F89: ＮＥＬ | G89: 28786 | H89: 45 | I89: 36971 | K89: 42278 | L89: 20 | M89: 月給者 | N89: 1 | O89: 三輪精機株式会社 | P89: 常用 | Q89: 被保険者 | R89: 対象 | S89: 甲欄 | T89: 一般 | U89: 非対象 | V89: 非対象 | W89: 非対象 | X89: 給与体系 | Y89: 給与体系に準ずる | Z89: 31 | AA89: 前月 | AB89: 31 | AC89: 前月 | AD89: 計算する | AE89: 計算する | AF89: 計算する | AG89: 計算する | AH89: なし | AI89: なし | AJ89: 非対象 | AK89: 非対象 | AL89: 非対象
A90: 3169 | B90: 漆原 康友 | C90: ｳﾙｼﾊﾞﾗ ﾔｽﾄﾓ | D90: 男性 | E90: 80000 | F90: ＮＥＬ | G90: 28712 | H90: 45 | I90: 36971 | K90: 42278 | L90: 20 | M90: 月給者 | N90: 1 | O90: 三輪精機株式会社 | P90: 常用 | Q90: 被保険者 | R90: 対象 | S90: 甲欄 | T90: 一般 | U90: 非対象 | V90: 非対象 | W90: 非対象 | X90: 給与体系 | Y90: 給与体系に準ずる | Z90: 31 | AA90: 前月 | AB90: 31 | AC90: 前月 | AD90: 計算する | AE90: 計算する | AF90: 計算する | AG90: 計算する | AH90: なし | AI90: なし | AJ90: 非対象 | AK90: 非対象 | AL90: 非対象
... A172: 3467 | B172: 一ノ瀬 祥太 | C172: ｲﾁﾉｾ ｼｮｳﾀ | D172: 男性 | E172: 61200 | F172: 生産技術部工機（羽生） | G172: 35608 | H172: 26 | I172: 42461 | K172: 42461 | L172: 20 | M172: 月給者 | N172: 1 | O172: 三輪精機株式会社 | P172: 常用 | Q172: 被保険者 | R172: 対象 | S172: 甲欄 | T172: 一般 | U172: 非対象 | V172: 非対象 | W172: 非対象 | X172: 給与体系 | Y172: 給与体系に準ずる | Z172: 31 | AA172: 前月 | AB172: 31 | AC172: 前月 | AD172: 計算する | AE172: 計算する | AF172: 計算する | AG172: 計算する | AH172: なし | AI172: なし | AJ172: 非対象 | AK172: 非対象 | AL172: 非対象
A173: 8093 | B173: 泉 浩美 | C173: ｲｽﾞﾐ ﾋﾛﾐ | D173: 女性 | E173: 61220 | F173: 生産技術部工機（羽生） | G173: 23787 | H173: 58 | I173: 40982 | J173: 45322 | K173: 42675 | L173: 70 | M173: ﾊﾟｰﾄ失 | N173: 1 | O173: 三輪精機株式会社 | P173: 常用 | Q173: 被保険者 | R173: 対象 | S173: 甲欄 | T173: 一般 | U173: 非対象 | V173: 非対象 | W173: 非対象 | X173: 給与体系 | Y173: 給与体系に準ずる | Z173: 31 | AA173: 前月 | AB173: 31 | AC173: 前月 | AD173: 計算する | AE173: 計算する | AF173: 計算する | AG173: 計算する | AH173: なし | AI173: なし | AJ173: 非対象 | AK173: 非対象 | AL173: 非対象
A174: 8187 | B174: 奥沢 忠 | C174: ｵｸｻﾞﾜ ﾀﾀﾞｼ | D174: 男性 | E174: 61220 | F174: 生産技術部工機（羽生） | G174: 21824 | H174: 64 | I174: 43740 | K174: 43101 | L174: 70 | M174: ﾊﾟｰﾄ失 | N174: 1 | O174: 三輪精機株式会社 | P174: 常用 | Q174: 被保険者 | R174: 対象 | S174: 甲欄 | T174: 一般 | U174: 非対象 | V174: 非対象 | W174: 非対象 | X174: 給与体系 | Y174: 給与体系に準ずる | Z174: 31 | AA174: 前月 | AB174: 31 | AC174: 前月 | AD174: 計算する | AE174: 計算する | AF174: 計算する | AG174: 計算する | AH174: なし | AI174: なし | AJ174: 非対象 | AK174: 非対象 | AL174: 非対象
A175: 8200 | B175: 山﨑 誠治 | C175: ﾔﾏｻﾞｷ ｾｲｼﾞ | D175: 男性 | E175: 61220 | F175: 生産技術部工機（羽生） | G175: 22375 | H175: 62 | I175: 29304 | K175: 44317 | L175: 70 | M175: ﾊﾟｰﾄ失 | N175: 1 | O175: 三輪精機株式会社 | P175: 常用 | Q175: 被保険者 | R175: 対象 | S175: 甲欄 | T175: 一般 | U175: 非対象 | V175: 非対象 | W175: 非対象 | X175: 給与体系 | Y175: 給与体系に準ずる | Z175: 31 | AA175: 前月 | AB175: 31 | AC175: 前月 | AD175: 計算する | AE175: 計算する | AF175: 計算する | AG175: 計算する | AH175: なし | AI175: なし | AJ175: 非対象 | AK175: 非対象 | AL175: 非対象
A176: 2647 | B176: 高橋 均 | C176: ﾀｶﾊｼ ﾋﾄｼ | D176: 男性 | E176: 61300 | F176: 羽生工場工場管理課 | G176: 23751 | H176: 59 | I176: 30403 | K176: 43556 | L176: 20 | M176: 月給者 | N176: 3 | O176: 三輪精機株式会社役員 | P176: 常用 | Q176: 被保険者 | R176: 対象 | S176: 甲欄 | T176: 一般 | U176: 非対象 | V176: 非対象 | W176: 非対象 | X176: 給与体系 | Y176: 給与体系に準ずる | Z176: 31 | AA176: 前月 | AB176: 31 | AC176: 前月 | AD176: 計算しない | AE176: 計算しない | AF176: 計算しない | AG176: 計算しない | AH176: なし | AI176: なし | AJ176: 非対象 | AK176: 非対象 | AL176: 非対象
A177: 2678 | B177: 松本 茂 | C177: ﾏﾂﾓﾄ ｼｹﾞﾙ | D177: 男性 | E177: 34020 | F177: 生産支援室 | G177: 22416 | H177: 62 | I177: 30770 | K177: 45017 | L177: 70 | M177: ﾊﾟｰﾄ失 | N177: 1 | O177: 三輪精機株式会社 | P177: 常用 | Q177: 被保険者 | R177: 対象 | S177: 甲欄 | T177: 一般 | U177: 非対象 | V177: 非対象 | W177: 非対象 | X177: 給与体系 | Y177: 給与体系に準ずる | Z177: 31 | AA177: 前月 | AB177: 31 | AC177: 前月 | AD177: 計算する | AE177: 計算する | AF177: 計算する | AG177: 計算する | AH177: なし | AI177: なし | AJ177: 非対象 | AK177: 非対象 | AL177: 非対象
A178: 2962 | B178: 野尻 裕治 | C178: ﾉｼﾞﾘ ﾋﾛﾊﾙ | D178: 男性 | E178: 34000 | F178: 生産支援室 | G178: 25690 | H178: 53 | I178: 34415 | K178: 42278 | L178: 20 | M178: 月給者 | N178: 1 | O178: 三輪精機株式会社 | P178: 常用 | Q178: 被保険者 | R178: 対象 | S178: 甲欄 | T178: 一般 | U178: 非対象 | V178: 非対象 | W178: 非対象 | X178: 給与体系 | Y178: 給与体系に準ずる | Z178: 31 | AA178: 前月 | AB178: 31 | AC178: 前月 | AD178: 計算する | AE178: 計算する | AF178: 計算する | AG178: 計算する | AH178: なし | AI178: なし | AJ178: 非対象 | AK178: 非対象 | AL178: 非対象
A179: 3174 | B179: 長塩 陽子 | C179: ﾅｶﾞｼｵ ﾖｳｺ | D179: 女性 | E179: 34000 | F179: 生産支援室 | G179: 30288 | H179: 41 | I179: 36971 | K179: 45047 | L179: 20 | M179: 月給者 | N179: 1 | O179: 三輪精機株式会社 | P179: 常用 | Q179: 被保険者 | R179: 対象 | S179: 甲欄 | T179: 一般 | U179: 非対象 | V179: 非対象 | W179: 非対象 | X179: 給与体系 | Y179: 給与体系に準ずる | Z179: 31 | AA179: 前月 | AB179: 31 | AC179: 前月 | AD179: 計算する | AE179: 計算する | AF179: 計算する | AG179: 計算する | AH179: なし | AI179: なし | AJ179: 非対象 | AK179: 非対象 | AL179: 非対象
A180: 8193 | B180: 斎藤 博之 | C180: ｻｲﾄｳ ﾋﾛﾕｷ | D180: 男性 | E180: 34020 | F180: 生産支援室 | G180: 22055 | H180: 63 | I180: 30762 | K180: 44013 | L180: 70 | M180: ﾊﾟｰﾄ失 | N180: 1 | O180: 三輪精機株式会社 | P180: 常用 | Q180: 被保険者 | R180: 対象 | S180: 甲欄 | T180: 一般 | U180: 非対象 | V180: 非対象 | W180: 非対象 | X180: 給与体系 | Y180: 給与体系に準ずる | Z180: 31 | AA180: 前月 | AB180: 31 | AC180: 前月 | AD180: 計算する | AE180: 計算する | AF180: 計算する | AG180: 計算する | AH180: なし | AI180: なし | AJ180: 非対象 | AK180: 非対象 | AL180: 非対象
A181: 2755 | B181: 沖山 尚道 | C181: ｵｷﾔﾏ ﾅｵﾐﾁ | D181: 男性 | E181: 22000 | F181: 生産管理部ＩＴ管理課 | G181: 23380 | H181: 60 | I181: 31497 | J181: 45295 | K181: 45323 | L181: 20 | M181: 月給者 | N181: 1 | O181: 三輪精機株式会社 | P181: 常用 | Q181: 被保険者 | R181: 対象 | S181: 甲欄 | T181: 一般 | U181: 非対象 | V181: 非対象 | W181: 非対象 | X181: 給与体系 | Y181: 給与体系に準ずる | Z181: 31 | AA181: 前月 | AB181: 31 | AC181: 前月 | AD181: 計算する | AE181: 計算する | AF181: 計算する | AG181: 計算しない | AH181: なし | AI181: なし | AJ181: 非対象 | AK181: 非対象 | AL181: 非対象
A182: 2984 | B182: 中條 幸一 | C182: ﾁｭｳｼﾞｮｳ ｺｳｲﾁ | D182: 男性 | E182: 22000 | F182: 生産管理部ＩＴ管理課 | G182: 27057 | H182: 50 | I182: 34415 | K182: 42278 | L182: 20 | M182: 月給者 | N182: 1 | O182: 三輪精機株式会社 | P182: 常用 | Q182: 被保険者 | R182: 対象 | S182: 甲欄 | T182: 一般 | U182: 非対象 | V182: 非対象 | W182: 非対象 | X182: 給与体系 | Y182: 給与体系に準ずる | Z182: 31 | AA182: 前月 | AB182: 31 | AC182: 前月 | AD182: 計算する | AE182: 計算する | AF182: 計算する | AG182: 計算する | AH182: なし | AI182: なし | AJ182: 非対象 | AK182: 非対象 | AL182: 非対象
A183: 3538 | B183: 小林 由規乃 | C183: ｺﾊﾞﾔｼ ﾕｷﾉ | D183: 女性 | E183: 21000 | F183: 生産管理部調達課 | G183: 36776 | H183: 23 | I183: 45017 | K183: 45047 | L183: 20 | M183: 月給者 | N183: 1 | O183: 三輪精機株式会社 | P183: 常用 | Q183: 被保険者 | R183: 対象 | S183: 甲欄 | T183: 一般 | U183: 非対象 | V183: 非対象 | W183: 非対象 | X183: 給与体系 | Y183: 給与体系に準ずる | Z183: 31 | AA183: 前月 | AB183: 31 | AC183: 前月 | AD183: 計算する | AE183: 計算する | AF183: 計算する | AG183: 計算する | AH183: なし | AI183: なし | AJ183: 非対象 | AK183: 非対象 | AL183: 非対象
A184: 1290 | B184: 正木 成彦 | C184: ﾏｻｷ ﾅﾙﾋｺ | D184: 男性 | E184: 20000 | F184: 生産管理部製品管理課 | G184: 23751 | H184: 59 | I184: 34414 | K184: 42278 | L184: 20 | M184: 月給者 | N184: 1 | O184: 三輪精機株式会社 | P184: 常用 | Q184: 被保険者 | R184: 対象 | S184: 甲欄 | T184: 一般 | U184: 非対象 | V184: 非対象 | W184: 非対象 | X184: 給与体系 | Y184: 給与体系に準ずる | Z184: 31 | AA184: 前月 | AB184: 31 | AC184: 前月 | AD184: 計算する | AE184: 計算する | AF184: 計算する | AG184: 計算する | AH184: なし | AI184: なし | AJ184: 非対象 | AK184: 非対象 | AL184: 非対象
A185: 1340 | B185: 田村 一裕 | C185: ﾀﾑﾗ ｶｽﾞﾋﾛ | D185: 男性 | E185: 20000 | F185: 生産管理部製品管理課 | G185: 27633 | H185: 48 | I185: 38782 | K185: 42278 | L185: 20 | M185: 月給者 | N185: 1 | O185: 三輪精機株式会社 | P185: 常用 | Q185: 被保険者 | R185: 対象 | S185: 甲欄 | T185: 一般 | U185: 非対象 | V185: 非対象 | W185: 非対象 | X185: 給与体系 | Y185: 給与体系に準ずる | Z185: 31 | AA185: 前月 | AB185: 31 | AC185: 前月 | AD185: 計算する | AE185: 計算する | AF185: 計算する | AG185: 計算する | AH185: なし | AI185: なし | AJ185: 非対象 | AK185: 対象 | AL185: 非対象
A186: 1343 | B186: 工藤 三枝子 | C186: ｸﾄﾞｳ ﾐｴｺ | D186: 女性 | E186: 20000 | F186: 生産管理部製品管理課 | G186: 24290 | H186: 57 | I186: 36390 | K186: 43800 | L186: 20 | M186: 月給者 | N186: 1 | O186: 三輪精機株式会社 | P186: 常用 | Q186: 被保険者 | R186: 対象 | S186: 甲欄 | T186: 一般 | U186: 非対象 | V186: 非対象 | W186: 非対象 | X186: 給与体系 | Y186: 給与体系に準ずる | Z186: 31 | AA186: 前月 | AB186: 31 | AC186: 前月 | AD186: 計算する | AE186: 計算する | AF186: 計算する | AG186: 計算する | AH186: なし | AI186: なし | AJ186: 非対象 | AK186: 非対象 | AL186: 非対象
A187: 1398 | B187: 相原 永二 | C187: ｱｲﾊﾗ ｴｲｼﾞ | D187: 男性 | E187: 22000 | F187: 生産管理部ＩＴ管理課 | G187: 32386 | H187: 35 | I187: 43525 | K187: 43525 | L187: 20 | M187: 月給者 | N187: 1 | O187: 三輪精機株式会社 | P187: 常用 | Q187: 被保険者 | R187: 対象 | S187: 甲欄 | T187: 一般 | U187: 非対象 | V187: 非対象 | W187: 非対象 | X187: 給与体系 | Y187: 給与体系に準ずる | Z187: 31 | AA187: 前月 | AB187: 31 | AC187: 前月 | AD187: 計算する | AE187: 計算する | AF187: 計算する | AG187: 計算する | AH187: なし | AI187: なし | AJ187: 非対象 | AK187: 非対象 | AL187: 非対象
A188: 1416 | B188: 入倉 弘介 | C188: ｲﾘｸﾗ ｺｳｽｹ | D188: 男性 | E188: 22000 | F188: 生産管理部ＩＴ管理課 | G188: 30635 | H188: 40 | I188: 44470 | K188: 44470 | L188: 20 | M188: 月給者 | N188: 1 | O188: 三輪精機株式会社 | P188: 常用 | Q188: 被保険者 | R188: 対象 | S188: 甲欄 | T188: 一般 | U188: 非対象 | V188: 非対象 | W188: 非対象 | X188: 給与体系 | Y188: 給与体系に準ずる | Z188: 31 | AA188: 前月 | AB188: 31 | AC188: 前月 | AD188: 計算する | AE188: 計算する | AF188: 計算する | AG188: 計算する | AH188: なし | AI188: なし | AJ188: 非対象 | AK188: 非対象 | AL188: 非対象
A189: 1447 | B189: 宮代 千織 | C189: ﾐﾔﾀﾞｲ ﾁｵﾘ | D189: 女性 | E189: 22000 | F189: 生産管理部ＩＴ管理課 | G189: 24691 | H189: 56 | I189: 45078 | K189: 45078 | L189: 20 | M189: 月給者 | N189: 1 | O189: 三輪精機株式会社 | P189: 常用 | Q189: 被保険者 | R189: 対象 | S189: 甲欄 | T189: 一般 | U189: 非対象 | V189: 非対象 | W189: 非対象 | X189: 給与体系 | Y189: 給与体系に準ずる | Z189: 31 | AA189: 前月 | AB189: 31 | AC189: 前月 | AD189: 計算する | AE189: 計算する | AF189: 計算する | AG189: 計算する | AH189: なし | AI189: なし | AJ189: 非対象 | AK189: 非対象 | AL189: 非対象
A190: 2785 | B190: 大野 陽子 | C190: ｵｵﾉ ﾖｳｺ | D190: 女性 | E190: 22000 | F190: 生産管理部ＩＴ管理課 | G190: 24822 | H190: 56 | I190: 31495 | K190: 42278 | L190: 20 | M190: 月給者 | N190: 1 | O190: 三輪精機株式会社 | P190: 常用 | Q190: 被保険者 | R190: 対象 | S190: 甲欄 | T190: 一般 | U190: 非対象 | V190: 非対象 | W190: 非対象 | X190: 給与体系 | Y190: 給与体系に準ずる | Z190: 31 | AA190: 前月 | AB190: 31 | AC190: 前月 | AD190: 計算する | AE190: 計算する | AF190: 計算する | AG190: 計算する | AH190: なし | AI190: なし | AJ190: 非対象 | AK190: 非対象 | AL190: 非対象
A191: 2972 | B191: 鈴木 宗則 | C191: ｽｽﾞｷ ﾑﾈﾉﾘ | D191: 男性 | E191: 22000 | F191: 生産管理部ＩＴ管理課 | G191: 26926 | H191: 50 | I191: 34415 | K191: 42278 | L191: 20 | M191: 月給者 | N191: 1 | O191: 三輪精機株式会社 | P191: 常用 | Q191: 被保険者 | R191: 対象 | S191: 甲欄 | T191: 一般 | U191: 非対象 | V191: 非対象 | W191: 非対象 | X191: 給与体系 | Y191: 給与体系に準ずる | Z191: 31 | AA191: 前月 | AB191: 31 | AC191: 前月 | AD191: 計算する | AE191: 計算する | AF191: 計算する | AG191: 計算する | AH191: なし | AI191: なし | AJ191: 非対象 | AK191: 非対象 | AL191: 非対象
A192: 3161 | B192: 岩瀬 安奈 | C192: ｲﾜｾ ｱﾝﾅ | D192: 女性 | E192: 22000 | F192: 生産管理部ＩＴ管理課 | G192: 29138 | H192: 44 | I192: 36606 | K192: 42278 | L192: 20 | M192: 月給者 | N192: 1 | O192: 三輪精機株式会社 | P192: 常用 | Q192: 被保険者 | R192: 対象 | S192: 甲欄 | T192: 一般 | U192: 非対象 | V192: 非対象 | W192: 非対象 | X192: 給与体系 | Y192: 給与体系に準ずる | Z192: 31 | AA192: 前月 | AB192: 31 | AC192: 前月 | AD192: 計算する | AE192: 計算する | AF192: 計算する | AG192: 計算する | AH192: なし | AI192: なし | AJ192: 非対象 | AK192: 非対象 | AL192: 非対象
A193: 2809 | B193: 白石 勝則 | C193: ｼﾗｲｼ ｶﾂﾉﾘ | D193: 男性 | E193: 21000 | F193: 生産管理部調達課 | G193: 25083 | H193: 55 | I193: 31862 | K193: 42278 | L193: 20 | M193: 月給者 | N193: 1 | O193: 三輪精機株式会社 | P193: 常用 | Q193: 被保険者 | R193: 対象 | S193: 甲欄 | T193: 一般 | U193: 非対象 | V193: 非対象 | W193: 非対象 | X193: 給与体系 | Y193: 給与体系に準ずる | Z193: 31 | AA193: 前月 | AB193: 31 | AC193: 前月 | AD193: 計算する | AE193: 計算する | AF193: 計算する | AG193: 計算する | AH193: なし | AI193: なし | AJ193: 非対象 | AK193: 非対象 | AL193: 非対象
... A546: 3980 | B546: 立石 正人 | C546: ﾀﾃｲｼ ﾏｻﾄ | D546: 男性 | E546: 45111 | F546: 川越第二工場鋳造部門 | G546: 26055 | H546: 52 | I546: 39346 | K546: 42278 | L546: 20 | M546: 月給者 | N546: 1 | O546: 三輪精機株式会社 | P546: 常用 | Q546: 被保険者 | R546: 対象 | S546: 甲欄 | T546: 一般 | U546: 非対象 | V546: 非対象 | W546: 非対象 | X546: 給与体系 | Y546: 給与体系に準ずる | Z546: 31 | AA546: 前月 | AB546: 31 | AC546: 前月 | AD546: 計算する | AE546: 計算する | AF546: 計算する | AG546: 計算する | AH546: なし | AI546: なし | AJ546: 非対象 | AK546: 非対象 | AL546: 非対象

Sheet 202008
D2: 基準年月日
C3: 社員番号 | D3: 氏名 | E3: 性別 | F3: 生年月日 | J3: 入社 年月 | O3: 学歴 | P3: 部門 | Q3: 部門 | R3: 直間コード | S3: 直間コード | T3: 職専コード
G4: 44440 | P4: コード | Q4: 名
A5: 7 | B5: 62 | C5: 1410 | D5: 石田 詩織 | E5: L | F5: 19941107 | G5: =DATE(INT(F5/10000),INT(MOD(F5,10000)/100),MOD(F5,100)) -> 34645 | H5: =DATEDIF(G5,$G$4,"Y") -> 26 | J5: 20200922 | K5: =DATE(INT(J5/10000),INT(MOD(J5,10000)/100),MOD(J5,100)) -> 44096 | L5: =DATEDIF(K5,$G$4,"Y") -> 0 | O5: 8 | P5: 10000 | Q5: 営業部 | R5: 0 | T5: 2
A6: 20 | B6: 18 | C6: 1342 | D6: 阿保 裕子 | E6: L | F6: 19760731 | G6: =DATE(INT(F6/10000),INT(MOD(F6,10000)/100),MOD(F6,100)) -> 27972 | H6: =DATEDIF(G6,$G$4,"Y") -> 45 | J6: 20030123 | K6: =DATE(INT(J6/10000),INT(MOD(J6,10000)/100),MOD(J6,100)) -> 37644 | L6: =DATEDIF(K6,$G$4,"Y") -> 18 | O6: 7 | P6: 80000 | Q6: ＮＥＬ | R6: 0 | T6: 2
A7: 6 | B7: 229 | C7: 3297 | D7: 羽鳥 麻里 | E7: L | F7: 19900313 | G7: =DATE(INT(F7/10000),INT(MOD(F7,10000)/100),MOD(F7,100)) -> 32945 | H7: =DATEDIF(G7,$G$4,"Y") -> 31 | J7: 20080321 | K7: =DATE(INT(J7/10000),INT(MOD(J7,10000)/100),MOD(J7,100)) -> 39528 | L7: =DATEDIF(K7,$G$4,"Y") -> 13 | O7: 6 | P7: 10000 | Q7: 営業部 | R7: 0 | T7: 2
A8: 14 | B8: 286 | C8: 3406 | D8: 加藤 咲希 | E8: L | F8: 19950225 | G8: =DATE(INT(F8/10000),INT(MOD(F8,10000)/100),MOD(F8,100)) -> 34755 | H8: =DATEDIF(G8,$G$4,"Y") -> 26 | J8: 20130321 | K8: =DATE(INT(J8/10000),INT(MOD(J8,10000)/100),MOD(J8,100)) -> 41354 | L8: =DATEDIF(K8,$G$4,"Y") -> 8 | O8: 6 | P8: 66011 | Q8: 羽生工場ＶＰ－２ | R8: 1 | S8: ＊ | T8: 2
A9: 9 | B9: 22 | C9: 1348 | D9: 柿沼 千穂 | E9: L | F9: 19870922 | G9: =DATE(INT(F9/10000),INT(MOD(F9,10000)/100),MOD(F9,100)) -> 32042 | H9: =DATEDIF(G9,$G$4,"Y") -> 33 | J9: 20080321 | K9: =DATE(INT(J9/10000),INT(MOD(J9,10000)/100),MOD(J9,100)) -> 39528 | L9: =DATEDIF(K9,$G$4,"Y") -> 13 | O9: 6 | P9: 64111 | Q9: 羽生工場ＢＢ | R9: 1 | S9: ＊ | T9: 2
A10: 11 | B10: 314 | C10: 3450 | D10: 柿沼 優花 | E10: L | F10: 19960920 | G10: =DATE(INT(F10/10000),INT(MOD(F10,10000)/100),MOD(F10,100)) -> 35328 | H10: =DATEDIF(G10,$G$4,"Y") -> 24 | J10: 20150401 | K10: =DATE(INT(J10/10000),INT(MOD(J10,10000)/100),MOD(J10,100)) -> 42095 | L10: =DATEDIF(K10,$G$4,"Y") -> 6 | O10: 6 | P10: 65011 | Q10: 羽生工場ＶＰ－１ | R10: 1 | S10: ＊ | T10: 2
A11: 6 | B11: 154 | C11: 3093 | D11: 岩永 朋子 | E11: L | F11: 19750430 | G11: =DATE(INT(F11/10000),INT(MOD(F11,10000)/100),MOD(F11,100)) -> 27514 | H11: =DATEDIF(G11,$G$4,"Y") -> 46 | J11: 19960321 | K11: =DATE(INT(J11/10000),INT(MOD(J11,10000)/100),MOD(J11,100)) -> 35145 | L11: =DATEDIF(K11,$G$4,"Y") -> 25 | O11: 7 | P11: 40000 | Q11: 本社工場工場管理課 | R11: 0 | T11: 2
A12: 3 | B12: 172 | C12: 3161 | D12: 岩瀬 安奈 | E12: L | F12: 19791010 | G12: =DATE(INT(F12/10000),INT(MOD(F12,10000)/100),MOD(F12,100)) -> 29138 | H12: =DATEDIF(G12,$G$4,"Y") -> 41 | J12: 20000321 | K12: =DATE(INT(J12/10000),INT(MOD(J12,10000)/100),MOD(J12,100)) -> 36606 | L12: =DATEDIF(K12,$G$4,"Y") -> 21 | O12: 7 | P12: 22000 | Q12: 生産管理部ＩＴ管理課 | R12: 0 | T12: 2
A13: 25 | B13: 227 | C13: 3295 | D13: 菊地 由貴 | E13: L | F13: 19900327 | G13: =DATE(INT(F13/10000),INT(MOD(F13,10000)/100),MOD(F13,100)) -> 32959 | H13: =DATEDIF(G13,$G$4,"Y") -> 31 | J13: 20080321 | K13: =DATE(INT(J13/10000),INT(MOD(J13,10000)/100),MOD(J13,100)) -> 39528 | L13: =DATEDIF(K13,$G$4,"Y") -> 13 | O13: 6 | P13: 90000 | Q13: 資材部 | R13: 0 | T13: 2
A14: 9 | B14: 270 | C14: 3374 | D14: 吉田 綾那 | E14: L | F14: 19930406 | G14: =DATE(INT(F14/10000),INT(MOD(F14,10000)/100),MOD(F14,100)) -> 34065 | H14: =DATEDIF(G14,$G$4,"Y") -> 28 | J14: 20120321 | K14: =DATE(INT(J14/10000),INT(MOD(J14,10000)/100),MOD(J14,100)) -> 40989 | L14: =DATEDIF(K14,$G$4,"Y") -> 9 | O14: 6 | P14: 50000 | Q14: 品質保証部検査課 | R14: 0 | T14: 2
A15: 10 | B15: 348 | C15: 3496 | D15: 吉野 里咲 | E15: L | F15: 19990512 | G15: =DATE(INT(F15/10000),INT(MOD(F15,10000)/100),MOD(F15,100)) -> 36292 | H15: =DATEDIF(G15,$G$4,"Y") -> 22 | J15: 20180402 | K15: =DATE(INT(J15/10000),INT(MOD(J15,10000)/100),MOD(J15,100)) -> 43192 | L15: =DATEDIF(K15,$G$4,"Y") -> 3 | O15: 6 | P15: 50000 | Q15: 品質保証部検査課 | R15: 0 | T15: 2
A16: 12 | B16: 44 | C16: 1388 | D16: 久保田 弘子 | E16: L | F16: 19780106 | G16: =DATE(INT(F16/10000),INT(MOD(F16,10000)/100),MOD(F16,100)) -> 28496 | H16: =DATEDIF(G16,$G$4,"Y") -> 43 | J16: 20140908 | K16: =DATE(INT(J16/10000),INT(MOD(J16,10000)/100),MOD(J16,100)) -> 41890 | L16: =DATEDIF(K16,$G$4,"Y") -> 6 | O16: 6 | P16: 60200 | Q16: 生産管理部ＩＴ管理課(羽生) | R16: 0 | T16: 2
A17: 18 | B17: 274 | C17: 3383 | D17: 金成 智美 | E17: L | F17: 19931205 | G17: =DATE(INT(F17/10000),INT(MOD(F17,10000)/100),MOD(F17,100)) -> 34308 | H17: =DATEDIF(G17,$G$4,"Y") -> 27 | J17: 20120321 | K17: =DATE(INT(J17/10000),INT(MOD(J17,10000)/100),MOD(J17,100)) -> 40989 | L17: =DATEDIF(K17,$G$4,"Y") -> 9 | O17: 6 | P17: 63000 | Q17: 品質保証部（羽生） | R17: 0 | T17: 2
A18: 1 | B18: 19 | C18: 1343 | D18: 工藤 三枝子 | E18: L | F18: 19660702 | G18: =DATE(INT(F18/10000),INT(MOD(F18,10000)/100),MOD(F18,100)) -> 24290 | H18: =DATEDIF(G18,$G$4,"Y") -> 55 | J18: 19990818 | K18: =DATE(INT(J18/10000),INT(MOD(J18,10000)/100),MOD(J18,100)) -> 36390 | L18: =DATEDIF(K18,$G$4,"Y") -> 22 | O18: 7 | P18: 20000 | Q18: 生産管理部製品管理課 | R18: 0 | T18: 1
A19: 13 | B19: 119 | C19: 2955 | D19: 甲斐 昌美 | E19: L | F19: 19740816 | G19: =DATE(INT(F19/10000),INT(MOD(F19,10000)/100),MOD(F19,100)) -> 27257 | H19: =DATEDIF(G19,$G$4,"Y") -> 47 | J19: 19930322 | K19: =DATE(INT(J19/10000),INT(MOD(J19,10000)/100),MOD(J19,100)) -> 34050 | L19: =DATEDIF(K19,$G$4,"Y") -> 28 | O19: 6 | P19: 61000 | Q19: 生産技術部（羽生） | R19: 0 | T19: 2
A20: 23 | B20: 219 | C20: 3268 | D20: 高谷 梓代 | E20: L | F20: 19880517 | G20: =DATE(INT(F20/10000),INT(MOD(F20,10000)/100),MOD(F20,100)) -> 32280 | H20: =DATEDIF(G20,$G$4,"Y") -> 33 | J20: 20070321 | K20: =DATE(INT(J20/10000),INT(MOD(J20,10000)/100),MOD(J20,100)) -> 39162 | L20: =DATEDIF(K20,$G$4,"Y") -> 14 | O20: 6 | P20: 60100 | Q20: 生産管理部調達課(羽生) | R20: 0 | T20: 2
A21: 7 | B21: 43 | C21: 1387 | D21: 高麗 美那 | E21: L | F21: 19851216 | G21: =DATE(INT(F21/10000),INT(MOD(F21,10000)/100),MOD(F21,100)) -> 31397 | H21: =DATEDIF(G21,$G$4,"Y") -> 35 | J21: 20140506 | K21: =DATE(INT(J21/10000),INT(MOD(J21,10000)/100),MOD(J21,100)) -> 41765 | L21: =DATEDIF(K21,$G$4,"Y") -> 7 | O21: 6 | P21: 44200 | Q21: 川越第二工場管理 | R21: 0 | T21: 2
A22: 24 | B22: 228 | C22: 3296 | D22: 斎藤 満美 | E22: L | F22: 19891227 | G22: =DATE(INT(F22/10000),INT(MOD(F22,10000)/100),MOD(F22,100)) -> 32869 | H22: =DATEDIF(G22,$G$4,"Y") -> 31 | J22: 20080321 | K22: =DATE(INT(J22/10000),INT(MOD(J22,10000)/100),MOD(J22,100)) -> 39528 | L22: =DATEDIF(K22,$G$4,"Y") -> 13 | O22: 6 | P22: 21000 | Q22: 生産管理部調達課 | R22: 0 | T22: 2
A23: 17 | B23: 328 | C23: 3470 | D23: 山口 未羽 | E23: L | F23: 19980223 | G23: =DATE(INT(F23/10000),INT(MOD(F23,10000)/100),MOD(F23,100)) -> 35849 | H23: =DATEDIF(G23,$G$4,"Y") -> 23 | J23: 20160401 | K23: =DATE(INT(J23/10000),INT(MOD(J23,10000)/100),MOD(J23,100)) -> 42461 | L23: =DATEDIF(K23,$G$4,"Y") -> 5 | O23: 6 | P23: 69211 | Q23: 羽生工場ＢＰＶ | R23: 1 | S23: ＊ | T23: 2
A24: 5 | B24: 331 | C24: 3475 | D24: 山田 季生 | E24: L | F24: 19981006 | G24: =DATE(INT(F24/10000),INT(MOD(F24,10000)/100),MOD(F24,100)) -> 36074 | H24: =DATEDIF(G24,$G$4,"Y") -> 22 | J24: 20170403 | K24: =DATE(INT(J24/10000),INT(MOD(J24,10000)/100),MOD(J24,100)) -> 42828 | L24: =DATEDIF(K24,$G$4,"Y") -> 4 | O24: 6 | P24: 31000 | Q24: 生産技術部２課工機係 | R24: 0 | T24: 2
A25: 13 | B25: 277 | C25: 3386 | D25: 山本 七海 | E25: L | F25: 19940104 | G25: =DATE(INT(F25/10000),INT(MOD(F25,10000)/100),MOD(F25,100)) -> 34338 | H25: =DATEDIF(G25,$G$4,"Y") -> 27 | J25: 20120321 | K25: =DATE(INT(J25/10000),INT(MOD(J25,10000)/100),MOD(J25,100)) -> 40989 | L25: =DATEDIF(K25,$G$4,"Y") -> 9 | O25: 6 | P25: 66011 | Q25: 羽生工場ＶＰ－２ | R25: 1 | S25: ＊ | T25: 2
A26: 12 | B26: 21 | C26: 1346 | D26: 漆原 景子 | E26: L | F26: 19890318 | G26: =DATE(INT(F26/10000),INT(MOD(F26,10000)/100),MOD(F26,100)) -> 32585 | H26: =DATEDIF(G26,$G$4,"Y") -> 32 | J26: 20080321 | K26: =DATE(INT(J26/10000),INT(MOD(J26,10000)/100),MOD(J26,100)) -> 39528 | L26: =DATEDIF(K26,$G$4,"Y") -> 13 | O26: 6 | P26: 66011 | Q26: 羽生工場ＶＰ－２ | R26: 1 | S26: ＊ | T26: 2
A27: 19 | B27: 129 | C27: 2990 | D27: 春山 智津子 | E27: L | F27: 19730517 | G27: =DATE(INT(F27/10000),INT(MOD(F27,10000)/100),MOD(F27,100)) -> 26801 | H27: =DATEDIF(G27,$G$4,"Y") -> 48 | J27: 19940322 | K27: =DATE(INT(J27/10000),INT(MOD(J27,10000)/100),MOD(J27,100)) -> 34415 | L27: =DATEDIF(K27,$G$4,"Y") -> 27 | O27: 7 | P27: 80000 | Q27: ＮＥＬ | R27: 0 | T27: 2
A28: 21 | B28: 257 | C28: 3354 | D28: 諸星 美咲 | E28: L | F28: 19930128 | G28: =DATE(INT(F28/10000),INT(MOD(F28,10000)/100),MOD(F28,100)) -> 33997 | H28: =DATEDIF(G28,$G$4,"Y") -> 28 | J28: 20110321 | K28: =DATE(INT(J28/10000),INT(MOD(J28,10000)/100),MOD(J28,100)) -> 40623 | L28: =DATEDIF(K28,$G$4,"Y") -> 10 | O28: 6 | P28: 80000 | Q28: ＮＥＬ | R28: 0 | T28: 2
A29: 3 | B29: 162 | C29: 3117 | D29: 小笠原 智恵 | E29: L | F29: 19780329 | G29: =DATE(INT(F29/10000),INT(MOD(F29,10000)/100),MOD(F29,100)) -> 28578 | H29: =DATEDIF(G29,$G$4,"Y") -> 43 | J29: 19960321 | K29: =DATE(INT(J29/10000),INT(MOD(J29,10000)/100),MOD(J29,100)) -> 35145 | L29: =DATEDIF(K29,$G$4,"Y") -> 25 | O29: 6 | P29: 43211 | Q29: 本社工場ＢＶ | R29: 1 | S29: ＊ | T29: 2
A30: 11 | B30: 319 | C30: 3455 | D30: 小室 柚衣 | E30: L | F30: 19940120 | G30: =DATE(INT(F30/10000),INT(MOD(F30,10000)/100),MOD(F30,100)) -> 34354 | H30: =DATEDIF(G30,$G$4,"Y") -> 27 | J30: 20160401 | K30: =DATE(INT(J30/10000),INT(MOD(J30,10000)/100),MOD(J30,100)) -> 42461 | L30: =DATEDIF(K30,$G$4,"Y") -> 5 | O30: 8 | P30: 60000 | Q30: 生産管理部製品管理課(羽生) | R30: 0 | T30: 2
A31: 8 | B31: 336 | C31: 3481 | D31: 新井 由唯 | E31: L | F31: 19990103 | G31: =DATE(INT(F31/10000),INT(MOD(F31,10000)/100),MOD(F31,100)) -> 36163 | H31: =DATEDIF(G31,$G$4,"Y") -> 22 | J31: 20170403 | K31: =DATE(INT(J31/10000),INT(MOD(J31,10000)/100),MOD(J31,100)) -> 42828 | L31: =DATEDIF(K31,$G$4,"Y") -> 4 | O31: 6 | P31: 43211 | Q31: 本社工場ＢＶ | R31: 1 | S31: ＊ | T31: 2
A32: 16 | B32: 276 | C32: 3385 | D32: 水野 唯奈 | E32: L | F32: 19930929 | G32: =DATE(INT(F32/10000),INT(MOD(F32,10000)/100),MOD(F32,100)) -> 34241 | H32: =DATEDIF(G32,$G$4,"Y") -> 27 | J32: 20120321 | K32: =DATE(INT(J32/10000),INT(MOD(J32,10000)/100),MOD(J32,100)) -> 40989 | L32: =DATEDIF(K32,$G$4,"Y") -> 9 | O32: 6 | P32: 69011 | Q32: 羽生工場ＴＣ | R32: 1 | S32: ＊ | T32: 2
A33: 3 | B33: 150 | C33: 3062 | D33: 青木 博美 | E33: L | F33: 19750302 | G33: =DATE(INT(F33/10000),INT(MOD(F33,10000)/100),MOD(F33,100)) -> 27455 | H33: =DATEDIF(G33,$G$4,"Y") -> 46 | J33: 19950322 | K33: =DATE(INT(J33/10000),INT(MOD(J33,10000)/100),MOD(J33,100)) -> 34780 | L33: =DATEDIF(K33,$G$4,"Y") -> 26 | O33: 7 | P33: 3000 | Q33: 経理部経理課 | R33: 0 | T33: 2
A34: 22 | B34: 151 | C34: 3067 | D34: 斉藤 純子 | E34: L | F34: 19740821 | G34: =DATE(INT(F34/10000),INT(MOD(F34,10000)/100),MOD(F34,100)) -> 27262 | H34: =DATEDIF(G34,$G$4,"Y") -> 47 | J34: 19950322 | K34: =DATE(INT(J34/10000),INT(MOD(J34,10000)/100),MOD(J34,100)) -> 34780 | L34: =DATEDIF(K34,$G$4,"Y") -> 26 | O34: 7 | P34: 60000 | Q34: 生産管理部製品管理課(羽生) | R34: 0 | T34: 2
A35: 17 | B35: 413 | C35: 3950 | D35: 川島 洋子 | E35: L | F35: 19690713 | G35: =DATE(INT(F35/10000),INT(MOD(F35,10000)/100),MOD(F35,100)) -> 25397 | H35: =DATEDIF(G35,$G$4,"Y") -> 52 | J35: 20060221 | K35: =DATE(INT(J35/10000),INT(MOD(J35,10000)/100),MOD(J35,100)) -> 38769 | L35: =DATEDIF(K35,$G$4,"Y") -> 15 | O35: 7 | P35: 63000 | Q35: 品質保証部（羽生） | R35: 0 | T35: 2
A36: 2 | B36: 94 | C36: 2785 | D36: 大野 陽子 | E36: L | F36: 19671216 | G36: =DATE(INT(F36/10000),INT(MOD(F36,10000)/100),MOD(F36,100)) -> 24822 | H36: =DATEDIF(G36,$G$4,"Y") -> 53 | J36: 19860324 | K36: =DATE(INT(J36/10000),INT(MOD(J36,10000)/100),MOD(J36,100)) -> 31495 | L36: =DATEDIF(K36,$G$4,"Y") -> 35 | O36: 6 | P36: 22000 | Q36: 生産管理部ＩＴ管理課 | R36: 0 | T36: 2
A37: 16 | B37: 106 | C37: 2883 | D37: 中村 葉子 | E37: L | F37: 19710512 | G37: =DATE(INT(F37/10000),INT(MOD(F37,10000)/100),MOD(F37,100)) -> 26065 | H37: =DATEDIF(G37,$G$4,"Y") -> 50 | J37: 19900322 | K37: =DATE(INT(J37/10000),INT(MOD(J37,10000)/100),MOD(J37,100)) -> 32954 | L37: =DATEDIF(K37,$G$4,"Y") -> 31 | O37: 6 | P37: 63000 | Q37: 品質保証部（羽生） | R37: 0 | T37: 2
A38: 1 | B38: 356 | C38: 3505 | D38: 仲野 葵 | E38: L | F38: 20000510 | G38: =DATE(INT(F38/10000),INT(MOD(F38,10000)/100),MOD(F38,100)) -> 36656 | H38: =DATEDIF(G38,$G$4,"Y") -> 21 | J38: 20190401 | K38: =DATE(INT(J38/10000),INT(MOD(J38,10000)/100),MOD(J38,100)) -> 43556 | L38: =DATEDIF(K38,$G$4,"Y") -> 2 | O38: 6 | P38: 42411 | Q38: 本社工場組立第２ | R38: 1 | S38: ＊ | T38: 2
A39: 15 | B39: 256 | C39: 3353 | D39: 町田 汐理 | E39: L | F39: 19930317 | G39: =DATE(INT(F39/10000),INT(MOD(F39,10000)/100),MOD(F39,100)) -> 34045 | H39: =DATEDIF(G39,$G$4,"Y") -> 28 | J39: 20110321 | K39: =DATE(INT(J39/10000),INT(MOD(J39,10000)/100),MOD(J39,100)) -> 40623 | L39: =DATEDIF(K39,$G$4,"Y") -> 10 | O39: 6 | P39: 68111 | Q39: 羽生工場ＰＳＨ | R39: 1 | S39: ＊ | T39: 2
A40: 14 | B40: 311 | C40: 3446 | D40: 長谷川 桃花 | E40: L | F40: 19970303 | G40: =DATE(INT(F40/10000),INT(MOD(F40,10000)/100),MOD(F40,100)) -> 35492 | H40: =DATEDIF(G40,$G$4,"Y") -> 24 | J40: 20150401 | K40: =DATE(INT(J40/10000),INT(MOD(J40,10000)/100),MOD(J40,100)) -> 42095 | L40: =DATEDIF(K40,$G$4,"Y") -> 6 | O40: 6 | P40: 61200 | Q40: 生産技術部工機（羽生） | R40: 0 | T40: 2
A41: 26 | B41: 233 | C41: 3306 | D41: 長谷川 麻央 | E41: L | F41: 19910207 | G41: =DATE(INT(F41/10000),INT(MOD(F41,10000)/100),MOD(F41,100)) -> 33276 | H41: =DATEDIF(G41,$G$4,"Y") -> 30 | J41: 20090323 | K41: =DATE(INT(J41/10000),INT(MOD(J41,10000)/100),MOD(J41,100)) -> 39895 | L41: =DATEDIF(K41,$G$4,"Y") -> 12 | O41: 6 | P41: 90000 | Q41: 資材部 | R41: 0 | T41: 2
A42: 2 | B42: 130 | C42: 3002 | D42: 堤 松子 | E42: L | F42: 19760123 | G42: =DATE(INT(F42/10000),INT(MOD(F42,10000)/100),MOD(F42,100)) -> 27782 | H42: =DATEDIF(G42,$G$4,"Y") -> 45 | J42: 19940322 | K42: =DATE(INT(J42/10000),INT(MOD(J42,10000)/100),MOD(J42,100)) -> 34415 | L42: =DATEDIF(K42,$G$4,"Y") -> 27 | O42: 6 | P42: 1100 | Q42: 総務部羽生総務課 | R42: 0 | T42: 2
A43: 4 | B43: 177 | C43: 3174 | D43: 田井 陽子 | E43: L | F43: 19821203 | G43: =DATE(INT(F43/10000),INT(MOD(F43,10000)/100),MOD(F43,100)) -> 30288 | H43: =DATEDIF(G43,$G$4,"Y") -> 38 | J43: 20010321 | K43: =DATE(INT(J43/10000),INT(MOD(J43,10000)/100),MOD(J43,100)) -> 36971 | L43: =DATEDIF(K43,$G$4,"Y") -> 20 | O43: 6 | P43: 30000 | Q43: 生産技術部１課 | R43: 0 | T43: 2
A44: 27 | B44: 275 | C44: 3384 | D44: 渡辺 美帆 | E44: L | F44: 19930808 | G44: =DATE(INT(F44/10000),INT(MOD(F44,10000)/100),MOD(F44,100)) -> 34189 | H44: =DATEDIF(G44,$G$4,"Y") -> 28 | J44: 20120321 | K44: =DATE(INT(J44/10000),INT(MOD(J44,10000)/100),MOD(J44,100)) -> 40989 | L44: =DATEDIF(K44,$G$4,"Y") -> 9 | O44: 6 | P44: 60100 | Q44: 生産管理部調達課(羽生) | R44: 0 | T44: 2
A45: 10 | B45: 414 | C45: 3951 | D45: 内田 智子 | E45: L | F45: 19761220 | G45: =DATE(INT(F45/10000),INT(MOD(F45,10000)/100),MOD(F45,100)) -> 28114 | H45: =DATEDIF(G45,$G$4,"Y") -> 44 | J45: 20060221 | K45: =DATE(INT(J45/10000),INT(MOD(J45,10000)/100),MOD(J45,100)) -> 38769 | L45: =DATEDIF(K45,$G$4,"Y") -> 15 | O45: 7 | P45: 64211 | Q45: 羽生工場ＡＳ | R45: 1 | S45: ＊ | T45: 1
A46: 2 | B46: 394 | C46: 3890 | D46: 入澤 直子 | E46: L | F46: 19740910 | G46: =DATE(INT(F46/10000),INT(MOD(F46,10000)/100),MOD(F46,100)) -> 27282 | H46: =DATEDIF(G46,$G$4,"Y") -> 46 | J46: 19941021 | K46: =DATE(INT(J46/10000),INT(MOD(J46,10000)/100),MOD(J46,100)) -> 34628 | L46: =DATEDIF(K46,$G$4,"Y") -> 26 | O46: 6 | P46: 43211 | Q46: 本社工場ＢＶ | R46: 1 | S46: ＊ | T46: 2
A47: 15 | B47: 206 | C47: 3239 | D47: 飯塚 美幸 | E47: L | F47: 19861224 | G47: =DATE(INT(F47/10000),INT(MOD(F47,10000)/100),MOD(F47,100)) -> 31770 | H47: =DATEDIF(G47,$G$4,"Y") -> 34 | J47: 20050321 | K47: =DATE(INT(J47/10000),INT(MOD(J47,10000)/100),MOD(J47,100)) -> 38432 | L47: =DATEDIF(K47,$G$4,"Y") -> 16 | O47: 6 | P47: 61300 | Q47: 羽生工場工場管理課 | R47: 0 | T47: 2
A48: 8 | B48: 347 | C48: 3495 | D48: 比留間 美月 | E48: L | F48: 20000315 | G48: =DATE(INT(F48/10000),INT(MOD(F48,10000)/100),MOD(F48,100)) -> 36600 | H48: =DATEDIF(G48,$G$4,"Y") -> 21 | J48: 20180402 | K48: =DATE(INT(J48/10000),INT(MOD(J48,10000)/100),MOD(J48,100)) -> 43192 | L48: =DATEDIF(K48,$G$4,"Y") -> 3 | O48: 6 | P48: 44200 | Q48: 川越第二工場管理 | R48: 0 | T48: 2
A49: 5 | B49: 112 | C49: 2912 | D49: 尾崎 洋子 | E49: L | F49: 19731124 | G49: =DATE(INT(F49/10000),INT(MOD(F49,10000)/100),MOD(F49,100)) -> 26992 | H49: =DATEDIF(G49,$G$4,"Y") -> 47 | J49: 19920323 | K49: =DATE(INT(J49/10000),INT(MOD(J49,10000)/100),MOD(J49,100)) -> 33686 | L49: =DATEDIF(K49,$G$4,"Y") -> 29 | O49: 6 | P49: 10000 | Q49: 営業部 | R49: 0 | T49: 2
A50: 4 | B50: 280 | C50: 3392 | D50: 木下 由紀子 | E50: L | F50: 19910308 | G50: =DATE(INT(F50/10000),INT(MOD(F50,10000)/100),MOD(F50,100)) -> 33305 | H50: =DATEDIF(G50,$G$4,"Y") -> 30 | J50: 20130321 | K50: =DATE(INT(J50/10000),INT(MOD(J50,10000)/100),MOD(J50,100)) -> 41354 | L50: =DATEDIF(K50,$G$4,"Y") -> 8 | O50: 8 | P50: 3000 | Q50: 経理部経理課 | R50: 0 | T50: 2
A51: 1 | B51: 271 | C51: 3375 | D51: 立花 舞 | E51: L | F51: 19931205 | G51: =DATE(INT(F51/10000),INT(MOD(F51,10000)/100),MOD(F51,100)) -> 34308 | H51: =DATEDIF(G51,$G$4,"Y") -> 27 | J51: 20120321 | K51: =DATE(INT(J51/10000),INT(MOD(J51,10000)/100),MOD(J51,100)) -> 40989 | L51: =DATEDIF(K51,$G$4,"Y") -> 9 | O51: 6 | P51: 1000 | Q51: 総務部 | R51: 0 | T51: 2
A52: 5 | B52: 230 | C52: 3301 | D52: 鈴木 久美子 | E52: L | F52: 19890908 | G52: =DATE(INT(F52/10000),INT(MOD(F52,10000)/100),MOD(F52,100)) -> 32759 | H52: =DATEDIF(G52,$G$4,"Y") -> 31 | J52: 20080321 | K52: =DATE(INT(J52/10000),INT(MOD(J52,10000)/100),MOD(J52,100)) -> 39528 | L52: =DATEDIF(K52,$G$4,"Y") -> 13 | O52: 6 | P52: 43211 | Q52: 本社工場ＢＶ | R52: 1 | S52: ＊ | T52: 2
A53: 4 | B53: 396 | C53: 3892 | D53: 鈴木 真琴 | E53: L | F53: 19820817 | G53: =DATE(INT(F53/10000),INT(MOD(F53,10000)/100),MOD(F53,100)) -> 30180 | H53: =DATEDIF(G53,$G$4,"Y") -> 39 | J53: 20010321 | K53: =DATE(INT(J53/10000),INT(MOD(J53,10000)/100),MOD(J53,100)) -> 36971 | L53: =DATEDIF(K53,$G$4,"Y") -> 20 | O53: 6 | P53: 43211 | Q53: 本社工場ＢＶ | R53: 1 | S53: ＊ | T53: 2
A54: 6 | B54: 241 | C54: 3325 | D54: 鈴木 美香 | E54: L | F54: 19910722 | G54: =DATE(INT(F54/10000),INT(MOD(F54,10000)/100),MOD(F54,100)) -> 33441 | H54: =DATEDIF(G54,$G$4,"Y") -> 30 | J54: 20100321 | K54: =DATE(INT(J54/10000),INT(MOD(J54,10000)/100),MOD(J54,100)) -> 40258 | L54: =DATEDIF(K54,$G$4,"Y") -> 11 | O54: 6 | P54: 43211 | Q54: 本社工場ＢＶ | R54: 1 | S54: ＊ | T54: 2
A55: 101 | C55: 1412 | D55: 石井 達也 | E55: M | F55: 19670307 | G55: =DATE(INT(F55/10000),INT(MOD(F55,10000)/100),MOD(F55,100)) -> 24538 | H55: =DATEDIF(G55,$G$4,"Y") -> 54 | J55: 20210701 | K55: =DATE(INT(J55/10000),INT(MOD(J55,10000)/100),MOD(J55,100)) -> 44378 | L55: =DATEDIF(K55,$G$4,"Y") -> 0 | P55: 63000 | Q55: 品質保証部（羽生）
A56: 200 | C56: 3527 | D56: 神田 健太郎 | E56: M | F56: 20020819 | G56: =DATE(INT(F56/10000),INT(MOD(F56,10000)/100),MOD(F56,100)) -> 37487 | H56: =DATEDIF(G56,$G$4,"Y") -> 19 | J56: 20210401 | K56: =DATE(INT(J56/10000),INT(MOD(J56,10000)/100),MOD(J56,100)) -> 44287 | L56: =DATEDIF(K56,$G$4,"Y") -> 0 | P56: 67211 | Q56: 羽生工場ＮＣ
A57: 55 | C57: 3525 | D57: 佐藤 盾 | E57: M | F57: 20020917 | G57: =DATE(INT(F57/10000),INT(MOD(F57,10000)/100),MOD(F57,100)) -> 37516 | H57: =DATEDIF(G57,$G$4,"Y") -> 18 | J57: 20210401 | K57: =DATE(INT(J57/10000),INT(MOD(J57,10000)/100),MOD(J57,100)) -> 44287 | L57: =DATEDIF(K57,$G$4,"Y") -> 0 | P57: 42411 | Q57: 本社工場組立第２
A58: 158 | C58: 1411 | D58: 佐藤 雅人 | E58: M | F58: 19830817 | G58: =DATE(INT(F58/10000),INT(MOD(F58,10000)/100),MOD(F58,100)) -> 30545 | H58: =DATEDIF(G58,$G$4,"Y") -> 38 | J58: 20210401 | K58: =DATE(INT(J58/10000),INT(MOD(J58,10000)/100),MOD(J58,100)) -> 44287 | L58: =DATEDIF(K58,$G$4,"Y") -> 0 | O58: 6 | P58: 90000 | Q58: 資材部
A59: 21 | C59: 3526 | D59: 新谷 優斗 | E59: M | F59: 20020507 | G59: =DATE(INT(F59/10000),INT(MOD(F59,10000)/100),MOD(F59,100)) -> 37383 | H59: =DATEDIF(G59,$G$4,"Y") -> 19 | J59: 20210401 | K59: =DATE(INT(J59/10000),INT(MOD(J59,10000)/100),MOD(J59,100)) -> 44287 | L59: =DATEDIF(K59,$G$4,"Y") -> 0 | P59: 41011 | Q59: 本社工場ＨＹ
A60: 43 | C60: 3524 | D60: 永原 優太 | E60: M | F60: 20020831 | G60: =DATE(INT(F60/10000),INT(MOD(F60,10000)/100),MOD(F60,100)) -> 37499 | H60: =DATEDIF(G60,$G$4,"Y") -> 19 | J60: 20210401 | K60: =DATE(INT(J60/10000),INT(MOD(J60,10000)/100),MOD(J60,100)) -> 44287 | L60: =DATEDIF(K60,$G$4,"Y") -> 0 | P60: 42011 | Q60: 本社工場機械第１
A61: 123 | B61: 231 | C61: 3304 | D61: 阿部 真吾 | E61: M | F61: 19861128 | G61: =DATE(INT(F61/10000),INT(MOD(F61,10000)/100),MOD(F61,100)) -> 31744 | H61: =DATEDIF(G61,$G$4,"Y") -> 34 | J61: 20090323 | K61: =DATE(INT(J61/10000),INT(MOD(J61,10000)/100),MOD(J61,100)) -> 39895 | L61: =DATEDIF(K61,$G$4,"Y") -> 12 | O61: 8 | P61: 80000 | Q61: ＮＥＬ | R61: 0 | T61: 1
A62: 51 | B62: 113 | C62: 2930 | D62: 愛須 隆司 | E62: M | F62: 19671217 | G62: =DATE(INT(F62/10000),INT(MOD(F62,10000)/100),MOD(F62,100)) -> 24823 | H62: =DATEDIF(G62,$G$4,"Y") -> 53 | J62: 19930322 | K62: =DATE(INT(J62/10000),INT(MOD(J62,10000)/100),MOD(J62,100)) -> 34050 | L62: =DATEDIF(K62,$G$4,"Y") -> 28 | O62: 8 | P62: 41200 | Q62: 本社工場構内物流 | R62: 0 | T62: 2
A63: 144 | B63: 147 | C63: 3053 | D63: 安喰 隆司 | E63: M | F63: 19760717 | G63: =DATE(INT(F63/10000),INT(MOD(F63,10000)/100),MOD(F63,100)) -> 27958 | H63: =DATEDIF(G63,$G$4,"Y") -> 45 | J63: 19950322 | K63: =DATE(INT(J63/10000),INT(MOD(J63,10000)/100),MOD(J63,100)) -> 34780 | L63: =DATEDIF(K63,$G$4,"Y") -> 26 | O63: 6 | P63: 64011 | Q63: 羽生工場ＢＣ | R63: 1 | S63: ＊ | T63: 2
A64: 20 | B64: 329 | C64: 3471 | D64: 安齊 海渡 | E64: M | F64: 19940827 | G64: =DATE(INT(F64/10000),INT(MOD(F64,10000)/100),MOD(F64,100)) -> 34573 | H64: =DATEDIF(G64,$G$4,"Y") -> 27 | J64: 20170403 | K64: =DATE(INT(J64/10000),INT(MOD(J64,10000)/100),MOD(J64,100)) -> 42828 | L64: =DATEDIF(K64,$G$4,"Y") -> 4 | O64: 8 | P64: 30000 | Q64: 生産技術部１課 | R64: 0 | T64: 2
A65: 45 | B65: 100 | C65: 2829 | D65: 伊藤 勝正 | E65: M | F65: 19700309 | G65: =DATE(INT(F65/10000),INT(MOD(F65,10000)/100),MOD(F65,100)) -> 25636 | H65: =DATEDIF(G65,$G$4,"Y") -> 51 | J65: 19880324 | K65: =DATE(INT(J65/10000),INT(MOD(J65,10000)/100),MOD(J65,100)) -> 32226 | L65: =DATEDIF(K65,$G$4,"Y") -> 33 | O65: 6 | P65: 69011 | Q65: 羽生工場ＴＣ | R65: 0 | T65: 1
A66: 169 | B66: 364 | C66: 3517 | D66: 伊藤 佑一郎 | E66: M | F66: 19930505 | G66: =DATE(INT(F66/10000),INT(MOD(F66,10000)/100),MOD(F66,100)) -> 34094 | H66: =DATEDIF(G66,$G$4,"Y") -> 28 | J66: 20200401 | K66: =DATE(INT(J66/10000),INT(MOD(J66,10000)/100),MOD(J66,100)) -> 43922 | L66: =DATEDIF(K66,$G$4,"Y") -> 1 | O66: 8 | P66: 65011 | Q66: 羽生工場ＶＰ－１ | R66: 1 | S66: ＊ | T66: 2
A67: 81 | B67: 210 | C67: 3250 | D67: 井原 泰弘 | E67: M | F67: 19880106 | G67: =DATE(INT(F67/10000),INT(MOD(F67,10000)/100),MOD(F67,100)) -> 32148 | H67: =DATEDIF(G67,$G$4,"Y") -> 33 | J67: 20060321 | K67: =DATE(INT(J67/10000),INT(MOD(J67,10000)/100),MOD(J67,100)) -> 38797 | L67: =DATEDIF(K67,$G$4,"Y") -> 15 | O67: 6 | P67: 42411 | Q67: 本社工場組立第２ | R67: 1 | S67: ＊ | T67: 2
A68: 3 | B68: 404 | C68: 3936 | D68: 井出 雄三 | E68: M | F68: 19770909 | G68: =DATE(INT(F68/10000),INT(MOD(F68,10000)/100),MOD(F68,100)) -> 28377 | H68: =DATEDIF(G68,$G$4,"Y") -> 43 | J68: 20060221 | K68: =DATE(INT(J68/10000),INT(MOD(J68,10000)/100),MOD(J68,100)) -> 38769 | L68: =DATEDIF(K68,$G$4,"Y") -> 15 | O68: 7 | P68: 1000 | Q68: 総務部 | R68: 0 | T68: 1
A69: 175 | B69: 377 | C69: 3837 | D69: 井上 喜雄 | E69: M | F69: 19630322 | G69: =DATE(INT(F69/10000),INT(MOD(F69,10000)/100),MOD(F69,100)) -> 23092 | H69: =DATEDIF(G69,$G$4,"Y") -> 58 | J69: 19920701 | K69: =DATE(INT(J69/10000),INT(MOD(J69,10000)/100),MOD(J69,100)) -> 33786 | L69: =DATEDIF(K69,$G$4,"Y") -> 29 | O69: 6 | P69: 66011 | Q69: 羽生工場ＶＰ－２ | R69: 1 | S69: ＊ | T69: 2
A70: 95 | B70: 263 | C70: 3364 | D70: 磯村 崇智 | E70: M | F70: 19881129 | G70: =DATE(INT(F70/10000),INT(MOD(F70,10000)/100),MOD(F70,100)) -> 32476 | H70: =DATEDIF(G70,$G$4,"Y") -> 32 | J70: 20120321 | K70: =DATE(INT(J70/10000),INT(MOD(J70,10000)/100),MOD(J70,100)) -> 40989 | L70: =DATEDIF(K70,$G$4,"Y") -> 9 | O70: 8 | P70: 61300 | Q70: 羽生工場工場管理課 | R70: 0 | T70: 1
A71: 101 | B71: 376 | C71: 3833 | D71: 磯野 勝 | E71: M | F71: 19710803 | G71: =DATE(INT(F71/10000),INT(MOD(F71,10000)/100),MOD(F71,100)) -> 26148 | H71: =DATEDIF(G71,$G$4,"Y") -> 50 | J71: 19920217 | K71: =DATE(INT(J71/10000),INT(MOD(J71,10000)/100),MOD(J71,100)) -> 33651 | L71: =DATEDIF(K71,$G$4,"Y") -> 29 | O71: 2 | P71: 43211 | Q71: 本社工場ＢＶ | R71: 1 | S71: ＊ | T71: 2
A72: 93 | B72: 326 | C72: 3467 | D72: 一ノ瀬 祥太 | E72: M | F72: 19970627 | G72: =DATE(INT(F72/10000),INT(MOD(F72,10000)/100),MOD(F72,100)) -> 35608 | H72: =DATEDIF(G72,$G$4,"Y") -> 24 | J72: 20160401 | K72: =DATE(INT(J72/10000),INT(MOD(J72,10000)/100),MOD(J72,100)) -> 42461 | L72: =DATEDIF(K72,$G$4,"Y") -> 5 | O72: 6 | P72: 61200 | Q72: 生産技術部工機（羽生） | R72: 0 | T72: 2
A73: 82 | B73: 365 | C73: 3518 | D73: 逸野 誠 | E73: M | F73: 20020126 | G73: =DATE(INT(F73/10000),INT(MOD(F73,10000)/100),MOD(F73,100)) -> 37282 | H73: =DATEDIF(G73,$G$4,"Y") -> 19 | J73: 20200401 | K73: =DATE(INT(J73/10000),INT(MOD(J73,10000)/100),MOD(J73,100)) -> 43922 | L73: =DATEDIF(K73,$G$4,"Y") -> 1 | O73: 6 | P73: 42411 | Q73: 本社工場組立第２ | R73: 1 | S73: ＊ | T73: 2
A74: 142 | B74: 330 | C74: 3472 | D74: 稲毛田 思惟 | E74: M | F74: 19941001 | G74: =DATE(INT(F74/10000),INT(MOD(F74,10000)/100),MOD(F74,100)) -> 34608 | H74: =DATEDIF(G74,$G$4,"Y") -> 26 | J74: 20170403 | K74: =DATE(INT(J74/10000),INT(MOD(J74,10000)/100),MOD(J74,100)) -> 42828 | L74: =DATEDIF(K74,$G$4,"Y") -> 4 | O74: 8 | P74: 80000 | Q74: ＮＥＬ | R74: 0 | T74: 2
A75: 117 | B75: 337 | C75: 3482 | D75: 稲野 雄太 | E75: M | F75: 19981002 | G75: =DATE(INT(F75/10000),INT(MOD(F75,10000)/100),MOD(F75,100)) -> 36070 | H75: =DATEDIF(G75,$G$4,"Y") -> 22 | J75: 20170403 | K75: =DATE(INT(J75/10000),INT(MOD(J75,10000)/100),MOD(J75,100)) -> 42828 | L75: =DATEDIF(K75,$G$4,"Y") -> 4 | O75: 6 | P75: 44111 | Q75: 川越第二工場２係 | R75: 1 | S75: ＊ | T75: 2
A76: 136 | B76: 245 | C76: 3332 | D76: 宇高 大貴 | E76: M | F76: 19880826 | G76: =DATE(INT(F76/10000),INT(MOD(F76,10000)/100),MOD(F76,100)) -> 32381 | H76: =DATEDIF(G76,$G$4,"Y") -> 33 | J76: 20110321 | K76: =DATE(INT(J76/10000),INT(MOD(J76,10000)/100),MOD(J76,100)) -> 40623 | L76: =DATEDIF(K76,$G$4,"Y") -> 10 | O76: 8 | P76: 80000 | Q76: ＮＥＬ | R76: 0 | T76: 2
A77: 119 | B77: 193 | C77: 3211 | D77: 宇野 嘉洋 | E77: M | F77: 19810301 | G77: =DATE(INT(F77/10000),INT(MOD(F77,10000)/100),MOD(F77,100)) -> 29646 | H77: =DATEDIF(G77,$G$4,"Y") -> 40 | J77: 20040322 | K77: =DATE(INT(J77/10000),INT(MOD(J77,10000)/100),MOD(J77,100)) -> 38068 | L77: =DATEDIF(K77,$G$4,"Y") -> 17 | O77: 8 | P77: 80000 | Q77: ＮＥＬ | R77: 0 | T77: 1
A78: 113 | B78: 167 | C78: 3142 | D78: 羽鳥 宏 | E78: M | F78: 19780623 | G78: =DATE(INT(F78/10000),INT(MOD(F78,10000)/100),MOD(F78,100)) -> 28664 | H78: =DATEDIF(G78,$G$4,"Y") -> 43 | J78: 19970321 | K78: =DATE(INT(J78/10000),INT(MOD(J78,10000)/100),MOD(J78,100)) -> 35510 | L78: =DATEDIF(K78,$G$4,"Y") -> 24 | O78: 6 | P78: 44111 | Q78: 川越第二工場２係 | R78: 1 | S78: ＊ | T78: 1
A79: 59 | B79: 70 | C79: 2654 | D79: 羽鳥 和彦 | E79: M | F79: 19640412 | G79: =DATE(INT(F79/10000),INT(MOD(F79,10000)/100),MOD(F79,100)) -> 23479 | H79: =DATEDIF(G79,$G$4,"Y") -> 57 | J79: 19830322 | K79: =DATE(INT(J79/10000),INT(MOD(J79,10000)/100),MOD(J79,100)) -> 30397 | L79: =DATEDIF(K79,$G$4,"Y") -> 38 | O79: 6 | P79: 42211 | Q79: 本社工場ＡＣ研磨 | R79: 1 | S79: ＊ | T79: 2
A80: 52 | B80: 393 | C80: 3889 | D80: 永井 雅夫 | E80: M | F80: 19631215 | G80: =DATE(INT(F80/10000),INT(MOD(F80,10000)/100),MOD(F80,100)) -> 23360 | H80: =DATEDIF(G80,$G$4,"Y") -> 57 | J80: 19941017 | K80: =DATE(INT(J80/10000),INT(MOD(J80,10000)/100),MOD(J80,100)) -> 34624 | L80: =DATEDIF(K80,$G$4,"Y") -> 26 | O80: 8 | P80: 41200 | Q80: 本社工場構内物流 | R80: 0 | T80: 2
A81: 28 | B81: 434 | C81: 3989 | D81: 永嶋 宏樹 | E81: M | F81: 19750412 | G81: =DATE(INT(F81/10000),INT(MOD(F81,10000)/100),MOD(F81,100)) -> 27496 | H81: =DATEDIF(G81,$G$4,"Y") -> 46 | J81: 20071101 | K81: =DATE(INT(J81/10000),INT(MOD(J81,10000)/100),MOD(J81,100)) -> 39387 | L81: =DATEDIF(K81,$G$4,"Y") -> 13 | O81: 7 | P81: 41111 | Q81: 本社工場ＮＣ | R81: 1 | S81: ＊ | T81: 2
A82: 19 | B82: 360 | C82: 3510 | D82: 永峰 義人 | E82: M | F82: 20000722 | G82: =DATE(INT(F82/10000),INT(MOD(F82,10000)/100),MOD(F82,100)) -> 36729 | H82: =DATEDIF(G82,$G$4,"Y") -> 21 | J82: 20190401 | K82: =DATE(INT(J82/10000),INT(MOD(J82,10000)/100),MOD(J82,100)) -> 43556 | L82: =DATEDIF(K82,$G$4,"Y") -> 2 | O82: 6 | P82: 41011 | Q82: 本社工場ＨＹ | R82: 1 | S82: ＊ | T82: 2
A83: 226 | B83: 431 | C83: 3986 | D83: 永野 守 | E83: M | F83: 19680302 | G83: =DATE(INT(F83/10000),INT(MOD(F83,10000)/100),MOD(F83,100)) -> 24899 | H83: =DATEDIF(G83,$G$4,"Y") -> 53 | J83: 20071021 | K83: =DATE(INT(J83/10000),INT(MOD(J83,10000)/100),MOD(J83,100)) -> 39376 | L83: =DATEDIF(K83,$G$4,"Y") -> 13 | O83: 6 | P83: 69211 | Q83: 羽生工場ＢＰＶ | R83: 1 | S83: ＊ | T83: 2
A84: 143 | B84: 35 | C84: 1371 | D84: 榎原 祐太 | E84: M | F84: 19811004 | G84: =DATE(INT(F84/10000),INT(MOD(F84,10000)/100),MOD(F84,100)) -> 29863 | H84: =DATEDIF(G84,$G$4,"Y") -> 39 | J84: 20110221 | K84: =DATE(INT(J84/10000),INT(MOD(J84,10000)/100),MOD(J84,100)) -> 40595 | L84: =DATEDIF(K84,$G$4,"Y") -> 10 | O84: 7 | P84: 64011 | Q84: 羽生工場ＢＣ | R84: 1 | S84: ＊ | T84: 1
A85: 67 | B85: 354 | C85: 3503 | D85: 横山 準弥 | E85: M | F85: 19960611 | G85: =DATE(INT(F85/10000),INT(MOD(F85,10000)/100),MOD(F85,100)) -> 35227 | H85: =DATEDIF(G85,$G$4,"Y") -> 25 | J85: 20190401 | K85: =DATE(INT(J85/10000),INT(MOD(J85,10000)/100),MOD(J85,100)) -> 43556 | L85: =DATEDIF(K85,$G$4,"Y") -> 2 | O85: 8 | P85: 51000 | Q85: 品質保証部品質管理課 | R85: 0 | T85: 2
A86: 81 | B86: 121 | C86: 2967 | D86: 横木 克 | E86: M | F86: 19690622 | G86: =DATE(INT(F86/10000),INT(MOD(F86,10000)/100),MOD(F86,100)) -> 25376 | H86: =DATEDIF(G86,$G$4,"Y") -> 52 | J86: 19940322 | K86: =DATE(INT(J86/10000),INT(MOD(J86,10000)/100),MOD(J86,100)) -> 34415 | L86: =DATEDIF(K86,$G$4,"Y") -> 27 | O86: 8 | P86: 61000 | Q86: 生産技術部（羽生） | R86: 0 | T86: 1
A87: 190 | B87: 389 | C87: 3877 | D87: 岡田 政幸 | E87: M | F87: 19620107 | G87: =DATE(INT(F87/10000),INT(MOD(F87,10000)/100),MOD(F87,100)) -> 22653 | H87: =DATEDIF(G87,$G$4,"Y") -> 59 | J87: 20000901 | K87: =DATE(INT(J87/10000),INT(MOD(J87,10000)/100),MOD(J87,100)) -> 36770 | L87: =DATEDIF(K87,$G$4,"Y") -> 21 | O87: 6 | P87: 67011 | Q87: 羽生工場プレス | R87: 1 | S87: ＊ | T87: 2
A88: 33 | B88: 216 | C88: 3262 | D88: 岡本 光弘 | E88: M | F88: 19881128 | G88: =DATE(INT(F88/10000),INT(MOD(F88,10000)/100),MOD(F88,100)) -> 32475 | H88: =DATEDIF(G88,$G$4,"Y") -> 32 | J88: 20070321 | K88: =DATE(INT(J88/10000),INT(MOD(J88,10000)/100),MOD(J88,100)) -> 39162 | L88: =DATEDIF(K88,$G$4,"Y") -> 14 | O88: 6 | P88: 42011 | Q88: 本社工場機械第１ | R88: 1 | S88: ＊ | T88: 1
A89: 70 | B89: 86 | C89: 2755 | D89: 沖山 尚道 | E89: M | F89: 19640104 | G89: =DATE(INT(F89/10000),INT(MOD(F89,10000)/100),MOD(F89,100)) -> 23380 | H89: =DATEDIF(G89,$G$4,"Y") -> 57 | J89: 19860326 | K89: =DATE(INT(J89/10000),INT(MOD(J89,10000)/100),MOD(J89,100)) -> 31497 | L89: =DATEDIF(K89,$G$4,"Y") -> 35 | O89: 8 | P89: 60200 | Q89: 生産管理部ＩＴ管理課(羽生) | R89: 0 | T89: 1
A90: 120 | B90: 194 | C90: 3212 | D90: 下遠野 俊樹 | E90: M | F90: 19811117 | G90: =DATE(INT(F90/10000),INT(MOD(F90,10000)/100),MOD(F90,100)) -> 29907 | H90: =DATEDIF(G90,$G$4,"Y") -> 39 | J90: 20040322 | K90: =DATE(INT(J90/10000),INT(MOD(J90,10000)/100),MOD(J90,100)) -> 38068 | L90: =DATEDIF(K90,$G$4,"Y") -> 17 | O90: 8 | P90: 80000 | Q90: ＮＥＬ | R90: 0 | T90: 1
A91: 130 | B91: 258 | C91: 3357 | D91: 下山 普司 | E91: M | F91: 19871130 | G91: =DATE(INT(F91/10000),INT(MOD(F91,10000)/100),MOD(F91,100)) -> 32111 | H91: =DATEDIF(G91,$G$4,"Y") -> 33 | J91: 20120321 | K91: =DATE(INT(J91/10000),INT(MOD(J91,10000)/100),MOD(J91,100)) -> 40989 | L91: =DATEDIF(K91,$G$4,"Y") -> 9 | O91: 9 | P91: 80000 | Q91: ＮＥＬ | R91: 0 | T91: 1
A92: 64 | B92: 199 | C92: 3219 | D92: 下地 直哉 | E92: M | F92: 19851029 | G92: =DATE(INT(F92/10000),INT(MOD(F92,10000)/100),MOD(F92,100)) -> 31349 | H92: =DATEDIF(G92,$G$4,"Y") -> 35 | J92: 20040322 | K92: =DATE(INT(J92/10000),INT(MOD(J92,10000)/100),MOD(J92,100)) -> 38068 | L92: =DATEDIF(K92,$G$4,"Y") -> 17 | O92: 6 | P92: 42211 | Q92: 本社工場ＡＣ研磨 | R92: 1 | S92: ＊ | T92: 2
A93: 170 | B93: 156 | C93: 3099 | D93: 加藤 実 | E93: M | F93: 19760108 | G93: =DATE(INT(F93/10000),INT(MOD(F93,10000)/100),MOD(F93,100)) -> 27767 | H93: =DATEDIF(G93,$G$4,"Y") -> 45 | J93: 19960321 | K93: =DATE(INT(J93/10000),INT(MOD(J93,10000)/100),MOD(J93,100)) -> 35145 | L93: =DATEDIF(K93,$G$4,"Y") -> 25 | O93: 7 | P93: 66011 | Q93: 羽生工場ＶＰ－２ | R93: 1 | S93: ＊ | T93: 1
A94: 37 | B94: 371 | C94: 3728 | D94: 加藤 正治 | E94: M | F94: 19630117 | G94: =DATE(INT(F94/10000),INT(MOD(F94,10000)/100),MOD(F94,100)) -> 23028 | H94: =DATEDIF(G94,$G$4,"Y") -> 58 | J94: 19870921 | K94: =DATE(INT(J94/10000),INT(MOD(J94,10000)/100),MOD(J94,100)) -> 32041 | L94: =DATEDIF(K94,$G$4,"Y") -> 33 | O94: 6 | P94: 42011 | Q94: 本社工場機械第１ | R94: 1 | S94: ＊ | T94: 2
A95: 47 | B95: 67 | C95: 2611 | D95: 加藤 靜雄 | E95: M | F95: 19630525 | G95: =DATE(INT(F95/10000),INT(MOD(F95,10000)/100),MOD(F95,100)) -> 23156 | H95: =DATEDIF(G95,$G$4,"Y") -> 58 | J95: 19820326 | K95: =DATE(INT(J95/10000),INT(MOD(J95,10000)/100),MOD(J95,100)) -> 30036 | L95: =DATEDIF(K95,$G$4,"Y") -> 39 | O95: 6 | P95: 41200 | Q95: 本社工場構内物流 | R95: 0 | T95: 2
A96: 26 | B96: 295 | C96: 3417 | D96: 加藤 俊哉 | E96: M | F96: 19951030 | G96: =DATE(INT(F96/10000),INT(MOD(F96,10000)/100),MOD(F96,100)) -> 35002 | H96: =DATEDIF(G96,$G$4,"Y") -> 25 | J96: 20140321 | K96: =DATE(INT(J96/10000),INT(MOD(J96,10000)/100),MOD(J96,100)) -> 41719 | L96: =DATEDIF(K96,$G$4,"Y") -> 7 | O96: 6 | P96: 31000 | Q96: 生産技術部２課工機係 | R96: 0 | T96: 2
A97: 18 | B97: 302 | C97: 3432 | D97: 加藤 洋慈 | E97: M | F97: 19911110 | G97: =DATE(INT(F97/10000),INT(MOD(F97,10000)/100),MOD(F97,100)) -> 33552 | H97: =DATEDIF(G97,$G$4,"Y") -> 29 | J97: 20150401 | K97: =DATE(INT(J97/10000),INT(MOD(J97,10000)/100),MOD(J97,100)) -> 42095 | L97: =DATEDIF(K97,$G$4,"Y") -> 6 | O97: 8 | P97: 30000 | Q97: 生産技術部１課 | R97: 0 | T97: 2
A98: 54 | B98: 359 | C98: 3509 | D98: 加藤 竜也 | E98: M | F98: 20001115 | G98: =DATE(INT(F98/10000),INT(MOD(F98,10000)/100),MOD(F98,100)) -> 36845 | H98: =DATEDIF(G98,$G$4,"Y") -> 20 | J98: 20190401 | K98: =DATE(INT(J98/10000),INT(MOD(J98,10000)/100),MOD(J98,100)) -> 43556 | L98: =DATEDIF(K98,$G$4,"Y") -> 2 | O98: 6 | P98: 42111 | Q98: 本社工場組立第１ | R98: 1 | S98: ＊ | T98: 2
A99: 131 | B99: 28 | C99: 1359 | D99: 加藤木 昇 | E99: M | F99: 19720520 | G99: =DATE(INT(F99/10000),INT(MOD(F99,10000)/100),MOD(F99,100)) -> 26439 | H99: =DATEDIF(G99,$G$4,"Y") -> 49 | J99: 20081021 | K99: =DATE(INT(J99/10000),INT(MOD(J99,10000)/100),MOD(J99,100)) -> 39742 | L99: =DATEDIF(K99,$G$4,"Y") -> 12 | O99: 6 | P99: 45111 | Q99: 川越第二工場鋳造部門 | R99: 1 | S99: ＊ | T99: 2
A100: 185 | B100: 368 | C100: 3521 | D100: 加納 蒼真 | E100: M | F100: 20020322 | G100: =DATE(INT(F100/10000),INT(MOD(F100,10000)/100),MOD(F100,100)) -> 37337 | H100: =DATEDIF(G100,$G$4,"Y") -> 19 | J100: 20200401 | K100: =DATE(INT(J100/10000),INT(MOD(J100,10000)/100),MOD(J100,100)) -> 43922 | L100: =DATEDIF(K100,$G$4,"Y") -> 1 | O100: 6 | P100: 65011 | Q100: 羽生工場ＶＰ－１ | R100: 1 | S100: ＊ | T100: 2
A101: 116 | B101: 187 | C101: 3194 | D101: 加茂川 健太 | E101: M | F101: 19810122 | G101: =DATE(INT(F101/10000),INT(MOD(F101,10000)/100),MOD(F101,100)) -> 29608 | H101: =DATEDIF(G101,$G$4,"Y") -> 40 | J101: 20030321 | K101: =DATE(INT(J101/10000),INT(MOD(J101,10000)/100),MOD(J101,100)) -> 37701 | L101: =DATEDIF(K101,$G$4,"Y") -> 18 | O101: 8 | P101: 80000 | Q101: ＮＥＬ | R101: 0 | T101: 1
...

Sheet 正社員
D2: 基準年月日
C3: 社員番号 | D3: 氏名 | E3: 性別 | F3: 生年月日 | J3: 入社 年月 | O3: 学歴 | P3: 部門 | Q3: 部門 | R3: 直間コード | S3: 直間コード | T3: 職専コード
G4: 44409 | P4: コード | Q4: 名
A5: 1 | B5: 61 | C5: 1408 | D5: 老沼 信彦 | E5: M | F5: 19630327 | G5: =DATE(INT(F5/10000),INT(MOD(F5,10000)/100),MOD(F5,100)) -> 23097 | H5: =DATEDIF(G5,$G$4,"Y") -> 58 | J5: 20200413 | K5: =DATE(INT(J5/10000),INT(MOD(J5,10000)/100),MOD(J5,100)) -> 43934 | L5: =DATEDIF(K5,$G$4,"Y") -> 1 | O5: 8 | P5: 1100 | Q5: 総務部羽生総務課 | R5: 0 | T5: 1 | AE5: =ROUNDDOWN(P5*1,0) -> 1100
A6: 2 | B6: 3 | C6: 1278 | D6: 高野 博司 | E6: M | F6: 19620707 | G6: =DATE(INT(F6/10000),INT(MOD(F6,10000)/100),MOD(F6,100)) -> 22834 | H6: =DATEDIF(G6,$G$4,"Y") -> 59 | J6: 19920130 | K6: =DATE(INT(J6/10000),INT(MOD(J6,10000)/100),MOD(J6,100)) -> 33633 | L6: =DATEDIF(K6,$G$4,"Y") -> 29 | O6: 8 | P6: 1000 | Q6: 総務部 | R6: 0 | T6: 1 | AE6: =ROUNDDOWN(P6*1,0) -> 1000
A7: 3 | B7: 404 | C7: 3936 | D7: 井出 雄三 | E7: M | F7: 19770909 | G7: =DATE(INT(F7/10000),INT(MOD(F7,10000)/100),MOD(F7,100)) -> 28377 | H7: =DATEDIF(G7,$G$4,"Y") -> 43 | J7: 20060221 | K7: =DATE(INT(J7/10000),INT(MOD(J7,10000)/100),MOD(J7,100)) -> 38769 | L7: =DATEDIF(K7,$G$4,"Y") -> 15 | O7: 7 | P7: 1000 | Q7: 総務部 | R7: 0 | T7: 1 | AE7: =ROUNDDOWN(P7*1,0) -> 1000
A8: 4 | B8: 37 | C8: 1376 | D8: 山本 剛史 | E8: M | F8: 19811204 | G8: =DATE(INT(F8/10000),INT(MOD(F8,10000)/100),MOD(F8,100)) -> 29924 | H8: =DATEDIF(G8,$G$4,"Y") -> 39 | J8: 20120221 | K8: =DATE(INT(J8/10000),INT(MOD(J8,10000)/100),MOD(J8,100)) -> 40960 | L8: =DATEDIF(K8,$G$4,"Y") -> 9 | O8: 8 | P8: 1000 | Q8: 総務部 | R8: 0 | T8: 1 | AE8: =ROUNDDOWN(P8*1,0) -> 1000
A9: 5 | B9: 53 | C9: 1399 | D9: 松原 幸生 | E9: M | F9: 19660615 | G9: =DATE(INT(F9/10000),INT(MOD(F9,10000)/100),MOD(F9,100)) -> 24273 | H9: =DATEDIF(G9,$G$4,"Y") -> 55 | J9: 20181001 | K9: =DATE(INT(J9/10000),INT(MOD(J9,10000)/100),MOD(J9,100)) -> 43374 | L9: =DATEDIF(K9,$G$4,"Y") -> 2 | O9: 8 | P9: 1000 | Q9: 総務部 | R9: 0 | T9: 2 | AE9: =ROUNDDOWN(P9*1,0) -> 1000
A10: 6 | B10: 294 | C10: 3415 | D10: 味志 康平 | E10: M | F10: 19890705 | G10: =DATE(INT(F10/10000),INT(MOD(F10,10000)/100),MOD(F10,100)) -> 32694 | H10: =DATEDIF(G10,$G$4,"Y") -> 32 | J10: 20140321 | K10: =DATE(INT(J10/10000),INT(MOD(J10,10000)/100),MOD(J10,100)) -> 41719 | L10: =DATEDIF(K10,$G$4,"Y") -> 7 | O10: 8 | P10: 1100 | Q10: 総務部羽生総務課 | R10: 0 | T10: 1 | AE10: =ROUNDDOWN(P10*1,0) -> 1100
A11: 7 | B11: 262 | C11: 3361 | D11: 相馬 裕樹 | E11: M | F11: 19891109 | G11: =DATE(INT(F11/10000),INT(MOD(F11,10000)/100),MOD(F11,100)) -> 32821 | H11: =DATEDIF(G11,$G$4,"Y") -> 31 | J11: 20120321 | K11: =DATE(INT(J11/10000),INT(MOD(J11,10000)/100),MOD(J11,100)) -> 40989 | L11: =DATEDIF(K11,$G$4,"Y") -> 9 | O11: 8 | P11: 3000 | Q11: 経理部経理課 | R11: 0 | T11: 1 | AE11: =ROUNDDOWN(P11*1,0) -> 3000
A12: 8 | B12: 5 | C12: 1291 | D12: 石塚 隆司 | E12: M | F12: 19671101 | G12: =DATE(INT(F12/10000),INT(MOD(F12,10000)/100),MOD(F12,100)) -> 24777 | H12: =DATEDIF(G12,$G$4,"Y") -> 53 | J12: 19940322 | K12: =DATE(INT(J12/10000),INT(MOD(J12,10000)/100),MOD(J12,100)) -> 34415 | L12: =DATEDIF(K12,$G$4,"Y") -> 27 | O12: 8 | P12: 10000 | Q12: 営業部 | R12: 0 | T12: 1 | AE12: =ROUNDDOWN(P12*1,0) -> 10000
A13: 9 | B13: 12 | C13: 1323 | D13: 戸田 鉄也 | E13: M | F13: 19721018 | G13: =DATE(INT(F13/10000),INT(MOD(F13,10000)/100),MOD(F13,100)) -> 26590 | H13: =DATEDIF(G13,$G$4,"Y") -> 48 | J13: 20030506 | K13: =DATE(INT(J13/10000),INT(MOD(J13,10000)/100),MOD(J13,100)) -> 37747 | L13: =DATEDIF(K13,$G$4,"Y") -> 18 | O13: 8 | P13: 10000 | Q13: 営業部 | R13: 0 | T13: 1 | AE13: =ROUNDDOWN(P13*1,0) -> 10000
A14: 10 | B14: 192 | C14: 3210 | D14: 松本 和幸 | E14: M | F14: 19810520 | G14: =DATE(INT(F14/10000),INT(MOD(F14,10000)/100),MOD(F14,100)) -> 29726 | H14: =DATEDIF(G14,$G$4,"Y") -> 40 | J14: 20040322 | K14: =DATE(INT(J14/10000),INT(MOD(J14,10000)/100),MOD(J14,100)) -> 38068 | L14: =DATEDIF(K14,$G$4,"Y") -> 17 | O14: 8 | P14: 10000 | Q14: 営業部 | R14: 0 | T14: 1 | AE14: =ROUNDDOWN(P14*1,0) -> 10000
A15: 11 | B15: 51 | C15: 1397 | D15: 袴田 晴夫 | E15: M | F15: 19801023 | G15: =DATE(INT(F15/10000),INT(MOD(F15,10000)/100),MOD(F15,100)) -> 29517 | H15: =DATEDIF(G15,$G$4,"Y") -> 40 | J15: 20180201 | K15: =DATE(INT(J15/10000),INT(MOD(J15,10000)/100),MOD(J15,100)) -> 43132 | L15: =DATEDIF(K15,$G$4,"Y") -> 3 | O15: 8 | P15: 10000 | Q15: 営業部 | R15: 0 | T15: 1 | AE15: =ROUNDDOWN(P15*1,0) -> 10000
A16: 12 | B16: 244 | C16: 3331 | D16: 市川 学 | E16: M | F16: 19880505 | G16: =DATE(INT(F16/10000),INT(MOD(F16,10000)/100),MOD(F16,100)) -> 32268 | H16: =DATEDIF(G16,$G$4,"Y") -> 33 | J16: 20110321 | K16: =DATE(INT(J16/10000),INT(MOD(J16,10000)/100),MOD(J16,100)) -> 40623 | L16: =DATEDIF(K16,$G$4,"Y") -> 10 | O16: 8 | P16: 10000 | Q16: 営業部 | R16: 0 | T16: 1 | AE16: =ROUNDDOWN(P16*1,0) -> 10000
A17: 13 | B17: 351 | C17: 3500 | D17: 清水 優汰 | E17: M | F17: 19960812 | G17: =DATE(INT(F17/10000),INT(MOD(F17,10000)/100),MOD(F17,100)) -> 35289 | H17: =DATEDIF(G17,$G$4,"Y") -> 24 | J17: 20190401 | K17: =DATE(INT(J17/10000),INT(MOD(J17,10000)/100),MOD(J17,100)) -> 43556 | L17: =DATEDIF(K17,$G$4,"Y") -> 2 | O17: 8 | P17: 10000 | Q17: 営業部 | R17: 0 | T17: 2 | AE17: =ROUNDDOWN(P17*1,0) -> 10000
A18: 14 | B18: 344 | C18: 3491 | D18: 中村 友和 | E18: M | F18: 19950424 | G18: =DATE(INT(F18/10000),INT(MOD(F18,10000)/100),MOD(F18,100)) -> 34813 | H18: =DATEDIF(G18,$G$4,"Y") -> 26 | J18: 20180402 | K18: =DATE(INT(J18/10000),INT(MOD(J18,10000)/100),MOD(J18,100)) -> 43192 | L18: =DATEDIF(K18,$G$4,"Y") -> 3 | O18: 8 | P18: 10000 | Q18: 営業部 | R18: 0 | T18: 2 | AE18: =ROUNDDOWN(P18*1,0) -> 10000
AE19: =ROUNDDOWN(P19*1,0) -> 0
AE20: =ROUNDDOWN(P20*1,0) -> 0
H21: =SUM(H5:H20) -> 581 | I21: =H21/$A$18 -> 41.5 | L21: =SUM(L5:L20) -> 152 | M21: =L21/$A$18 -> 10.857143 | AE21: =ROUNDDOWN(P21*1,0) -> 0
AE22: =ROUNDDOWN(P22*1,0) -> 0
AE23: =ROUNDDOWN(P23*1,0) -> 0
A24: 1 | B24: 271 | C24: 3375 | D24: 立花 舞 | E24: L | F24: 19931205 | G24: =DATE(INT(F24/10000),INT(MOD(F24,10000)/100),MOD(F24,100)) -> 34308 | H24: =DATEDIF(G24,$G$4,"Y") -> 27 | J24: 20120321 | K24: =DATE(INT(J24/10000),INT(MOD(J24,10000)/100),MOD(J24,100)) -> 40989 | L24: =DATEDIF(K24,$G$4,"Y") -> 9 | O24: 6 | P24: 1000 | Q24: 総務部 | R24: 0 | T24: 2 | AE24: =ROUNDDOWN(P24*1,0) -> 1000
A25: 2 | B25: 130 | C25: 3002 | D25: 堤 松子 | E25: L | F25: 19760123 | G25: =DATE(INT(F25/10000),INT(MOD(F25,10000)/100),MOD(F25,100)) -> 27782 | H25: =DATEDIF(G25,$G$4,"Y") -> 45 | J25: 19940322 | K25: =DATE(INT(J25/10000),INT(MOD(J25,10000)/100),MOD(J25,100)) -> 34415 | L25: =DATEDIF(K25,$G$4,"Y") -> 27 | O25: 6 | P25: 1100 | Q25: 総務部羽生総務課 | R25: 0 | T25: 2 | AE25: =ROUNDDOWN(P25*1,0) -> 1100
A26: 3 | B26: 150 | C26: 3062 | D26: 青木 博美 | E26: L | F26: 19750302 | G26: =DATE(INT(F26/10000),INT(MOD(F26,10000)/100),MOD(F26,100)) -> 27455 | H26: =DATEDIF(G26,$G$4,"Y") -> 46 | J26: 19950322 | K26: =DATE(INT(J26/10000),INT(MOD(J26,10000)/100),MOD(J26,100)) -> 34780 | L26: =DATEDIF(K26,$G$4,"Y") -> 26 | O26: 7 | P26: 3000 | Q26: 経理部経理課 | R26: 0 | T26: 2 | AE26: =ROUNDDOWN(P26*1,0) -> 3000
A27: 4 | B27: 280 | C27: 3392 | D27: 木下 由紀子 | E27: L | F27: 19910308 | G27: =DATE(INT(F27/10000),INT(MOD(F27,10000)/100),MOD(F27,100)) -> 33305 | H27: =DATEDIF(G27,$G$4,"Y") -> 30 | J27: 20130321 | K27: =DATE(INT(J27/10000),INT(MOD(J27,10000)/100),MOD(J27,100)) -> 41354 | L27: =DATEDIF(K27,$G$4,"Y") -> 8 | O27: 8 | P27: 3000 | Q27: 経理部経理課 | R27: 0 | T27: 2 | AE27: =ROUNDDOWN(P27*1,0) -> 3000
A28: 5 | B28: 112 | C28: 2912 | D28: 尾崎 洋子 | E28: L | F28: 19731124 | G28: =DATE(INT(F28/10000),INT(MOD(F28,10000)/100),MOD(F28,100)) -> 26992 | H28: =DATEDIF(G28,$G$4,"Y") -> 47 | J28: 19920323 | K28: =DATE(INT(J28/10000),INT(MOD(J28,10000)/100),MOD(J28,100)) -> 33686 | L28: =DATEDIF(K28,$G$4,"Y") -> 29 | O28: 6 | P28: 10000 | Q28: 営業部 | R28: 0 | T28: 2 | AE28: =ROUNDDOWN(P28*1,0) -> 10000
A29: 6 | B29: 229 | C29: 3297 | D29: 羽鳥 麻里 | E29: L | F29: 19900313 | G29: =DATE(INT(F29/10000),INT(MOD(F29,10000)/100),MOD(F29,100)) -> 32945 | H29: =DATEDIF(G29,$G$4,"Y") -> 31 | J29: 20080321 | K29: =DATE(INT(J29/10000),INT(MOD(J29,10000)/100),MOD(J29,100)) -> 39528 | L29: =DATEDIF(K29,$G$4,"Y") -> 13 | O29: 6 | P29: 10000 | Q29: 営業部 | R29: 0 | T29: 2 | AE29: =ROUNDDOWN(P29*1,0) -> 10000
A30: 7 | B30: 62 | C30: 1410 | D30: 石田 詩織 | E30: L | F30: 19941107 | G30: =DATE(INT(F30/10000),INT(MOD(F30,10000)/100),MOD(F30,100)) -> 34645 | H30: =DATEDIF(G30,$G$4,"Y") -> 26 | J30: 20200922 | K30: =DATE(INT(J30/10000),INT(MOD(J30,10000)/100),MOD(J30,100)) -> 44096 | L30: =DATEDIF(K30,$G$4,"Y") -> 0 | O30: 8 | P30: 10000 | Q30: 営業部 | R30: 0 | T30: 2 | AE30: =ROUNDDOWN(P30*1,0) -> 10000
AE31: =ROUNDDOWN(P31*1,0) -> 0
H32: =SUM(H24:H30) -> 252 | I32: =H32/$A$30 -> 36 | L32: =SUM(L24:L30) -> 112 | M32: =L32/$A$30 -> 16 | AE32: =ROUNDDOWN(P32*1,0) -> 0
AE33: =ROUNDDOWN(P33*1,0) -> 0
AE34: =ROUNDDOWN(P34*1,0) -> 0
AE35: =ROUNDDOWN(P35*1,0) -> 0
A36: 1 | B36: 436 | C36: 3992 | D36: 富岡 広樹 | E36: M | F36: 19750708 | G36: =DATE(INT(F36/10000),INT(MOD(F36,10000)/100),MOD(F36,100)) -> 27583 | H36: =DATEDIF(G36,$G$4,"Y") -> 46 | J36: 20071211 | K36: =DATE(INT(J36/10000),INT(MOD(J36,10000)/100),MOD(J36,100)) -> 39427 | L36: =DATEDIF(K36,$G$4,"Y") -> 13 | O36: 8 | P36: 80000 | Q36: ＮＥＬ | R36: 0 | T36: 1 | AE36: =ROUNDDOWN(P36*1,0) -> 80000
A37: 2 | B37: 4 | C37: 1290 | D37: 正木 成彦 | E37: M | F37: 19650109 | G37: =DATE(INT(F37/10000),INT(MOD(F37,10000)/100),MOD(F37,100)) -> 23751 | H37: =DATEDIF(G37,$G$4,"Y") -> 56 | J37: 19940321 | K37: =DATE(INT(J37/10000),INT(MOD(J37,10000)/100),MOD(J37,100)) -> 34414 | L37: =DATEDIF(K37,$G$4,"Y") -> 27 | O37: 8 | P37: 20000 | Q37: 生産管理部製品管理課 | R37: 0 | T37: 1 | AE37: =ROUNDDOWN(P37*1,0) -> 20000
A38: 3 | B38: 16 | C38: 1340 | D38: 田村 一裕 | E38: M | F38: 19750827 | G38: =DATE(INT(F38/10000),INT(MOD(F38,10000)/100),MOD(F38,100)) -> 27633 | H38: =DATEDIF(G38,$G$4,"Y") -> 45 | J38: 20060306 | K38: =DATE(INT(J38/10000),INT(MOD(J38,10000)/100),MOD(J38,100)) -> 38782 | L38: =DATEDIF(K38,$G$4,"Y") -> 15 | O38: 8 | P38: 20000 | Q38: 生産管理部製品管理課 | R38: 0 | T38: 1 | AE38: =ROUNDDOWN(P38*1,0) -> 20000
A39: 4 | B39: 208 | C39: 3248 | D39: 丹羽 一真 | E39: M | F39: 19840203 | G39: =DATE(INT(F39/10000),INT(MOD(F39,10000)/100),MOD(F39,100)) -> 30715 | H39: =DATEDIF(G39,$G$4,"Y") -> 37 | J39: 20060321 | K39: =DATE(INT(J39/10000),INT(MOD(J39,10000)/100),MOD(J39,100)) -> 38797 | L39: =DATEDIF(K39,$G$4,"Y") -> 15 | O39: 8 | P39: 20000 | Q39: 生産管理部製品管理課 | R39: 0 | T39: 1 | AE39: =ROUNDDOWN(P39*1,0) -> 20000
A40: 5 | B40: 131 | C40: 3007 | D40: 飯塚 誠 | E40: M | F40: 19730203 | G40: =DATE(INT(F40/10000),INT(MOD(F40,10000)/100),MOD(F40,100)) -> 26698 | H40: =DATEDIF(G40,$G$4,"Y") -> 48 | J40: 19950322 | K40: =DATE(INT(J40/10000),INT(MOD(J40,10000)/100),MOD(J40,100)) -> 34780 | L40: =DATEDIF(K40,$G$4,"Y") -> 26 | O40: 8 | P40: 22000 | Q40: 生産管理部ＩＴ管理課 | R40: 0 | T40: 1 | AE40: =ROUNDDOWN(P40*1,0) -> 22000
A41: 6 | B41: 128 | C41: 2984 | D41: 中條 幸一 | E41: M | F41: 19740128 | G41: =DATE(INT(F41/10000),INT(MOD(F41,10000)/100),MOD(F41,100)) -> 27057 | H41: =DATEDIF(G41,$G$4,"Y") -> 47 | J41: 19940322 | K41: =DATE(INT(J41/10000),INT(MOD(J41,10000)/100),MOD(J41,100)) -> 34415 | L41: =DATEDIF(K41,$G$4,"Y") -> 27 | O41: 7 | P41: 22000 | Q41: 生産管理部ＩＴ管理課 | R41: 0 | T41: 1 | AE41: =ROUNDDOWN(P41*1,0) -> 22000
A42: 7 | B42: 123 | C42: 2972 | D42: 鈴木 宗則 | E42: M | F42: 19730919 | G42: =DATE(INT(F42/10000),INT(MOD(F42,10000)/100),MOD(F42,100)) -> 26926 | H42: =DATEDIF(G42,$G$4,"Y") -> 47 | J42: 19940322 | K42: =DATE(INT(J42/10000),INT(MOD(J42,10000)/100),MOD(J42,100)) -> 34415 | L42: =DATEDIF(K42,$G$4,"Y") -> 27 | O42: 7 | P42: 22000 | Q42: 生産管理部ＩＴ管理課 | R42: 0 | T42: 1 | AE42: =ROUNDDOWN(P42*1,0) -> 22000
A43: 8 | B43: 42 | C43: 1386 | D43: 末永 睦 | E43: M | F43: 19810623 | G43: =DATE(INT(F43/10000),INT(MOD(F43,10000)/100),MOD(F43,100)) -> 29760 | H43: =DATEDIF(G43,$G$4,"Y") -> 40 | J43: 20131021 | K43: =DATE(INT(J43/10000),INT(MOD(J43,10000)/100),MOD(J43,100)) -> 41568 | L43: =DATEDIF(K43,$G$4,"Y") -> 7 | O43: 8 | P43: 30000 | Q43: 生産技術部１課 | R43: 0 | T43: 1 | AE43: =ROUNDDOWN(P43*1,0) -> 30000
A44: 9 | B44: 6 | C44: 1292 | D44: 先崎 誠 | E44: M | F44: 19730829 | G44: =DATE(INT(F44/10000),INT(MOD(F44,10000)/100),MOD(F44,100)) -> 26905 | H44: =DATEDIF(G44,$G$4,"Y") -> 47 | J44: 19940321 | K44: =DATE(INT(J44/10000),INT(MOD(J44,10000)/100),MOD(J44,100)) -> 34414 | L44: =DATEDIF(K44,$G$4,"Y") -> 27 | O44: 6 | P44: 30000 | Q44: 生産技術部１課 | R44: 0 | T44: 1 | AE44: =ROUNDDOWN(P44*1,0) -> 30000
A45: 10 | B45: 111 | C45: 2910 | D45: 菊地 孝男 | E45: M | F45: 19740126 | G45: =DATE(INT(F45/10000),INT(MOD(F45,10000)/100),MOD(F45,100)) -> 27055 | H45: =DATEDIF(G45,$G$4,"Y") -> 47 | J45: 19920323 | K45: =DATE(INT(J45/10000),INT(MOD(J45,10000)/100),MOD(J45,100)) -> 33686 | L45: =DATEDIF(K45,$G$4,"Y") -> 29 | O45: 6 | P45: 30000 | Q45: 生産技術部１課 | R45: 0 | T45: 1 | AE45: =ROUNDDOWN(P45*1,0) -> 30000
A46: 11 | B46: 134 | C46: 3020 | D46: 島野 寿文 | E46: M | F46: 19710909 | G46: =DATE(INT(F46/10000),INT(MOD(F46,10000)/100),MOD(F46,100)) -> 26185 | H46: =DATEDIF(G46,$G$4,"Y") -> 49 | J46: 19950322 | K46: =DATE(INT(J46/10000),INT(MOD(J46,10000)/100),MOD(J46,100)) -> 34780 | L46: =DATEDIF(K46,$G$4,"Y") -> 26 | O46: 8 | P46: 30000 | Q46: 生産技術部１課 | R46: 0 | T46: 1 | AE46: =ROUNDDOWN(P46*1,0) -> 30000
A47: 12 | B47: 160 | C47: 3109 | D47: 丸山 浩 | E47: M | F47: 19771025 | G47: =DATE(INT(F47/10000),INT(MOD(F47,10000)/100),MOD(F47,100)) -> 28423 | H47: =DATEDIF(G47,$G$4,"Y") -> 43 | J47: 19960321 | K47: =DATE(INT(J47/10000),INT(MOD(J47,10000)/100),MOD(J47,100)) -> 35145 | L47: =DATEDIF(K47,$G$4,"Y") -> 25 | O47: 68 | P47: 30000 | Q47: 生産技術部１課 | R47: 0 | T47: 1 | AE47: =ROUNDDOWN(P47*1,0) -> 30000
... A54: 19 | B54: 315 | C54: 3451 | D54: 岩井 啓太 | E54: M | F54: 19930902 | G54: =DATE(INT(F54/10000),INT(MOD(F54,10000)/100),MOD(F54,100)) -> 34214 | H54: =DATEDIF(G54,$G$4,"Y") -> 27 | J54: 20160401 | K54: =DATE(INT(J54/10000),INT(MOD(J54,10000)/100),MOD(J54,100)) -> 42461 | L54: =DATEDIF(K54,$G$4,"Y") -> 5 | O54: 8 | P54: 30000 | Q54: 生産技術部１課 | R54: 0 | T54: 2 | AE54: =ROUNDDOWN(P54*1,0) -> 30000
A55: 20 | B55: 329 | C55: 3471 | D55: 安齊 海渡 | E55: M | F55: 19940827 | G55: =DATE(INT(F55/10000),INT(MOD(F55,10000)/100),MOD(F55,100)) -> 34573 | H55: =DATEDIF(G55,$G$4,"Y") -> 26 | J55: 20170403 | K55: =DATE(INT(J55/10000),INT(MOD(J55,10000)/100),MOD(J55,100)) -> 42828 | L55: =DATEDIF(K55,$G$4,"Y") -> 4 | O55: 8 | P55: 30000 | Q55: 生産技術部１課 | R55: 0 | T55: 2 | AE55: =ROUNDDOWN(P55*1,0) -> 30000
A56: 21 | B56: 362 | C56: 3515 | D56: 大塚 颯大 | E56: M | F56: 19970618 | G56: =DATE(INT(F56/10000),INT(MOD(F56,10000)/100),MOD(F56,100)) -> 35599 | H56: =DATEDIF(G56,$G$4,"Y") -> 24 | J56: 20200401 | K56: =DATE(INT(J56/10000),INT(MOD(J56,10000)/100),MOD(J56,100)) -> 43922 | L56: =DATEDIF(K56,$G$4,"Y") -> 1 | O56: 8 | P56: 30000 | Q56: 生産技術部１課 | R56: 1 | S56: ＊ | T56: 2 | AE56: =ROUNDDOWN(P56*1,0) -> 30000
A57: 22 | B57: 87 | C57: 2759 | D57: 田中 道明 | E57: M | F57: 19630116 | G57: =DATE(INT(F57/10000),INT(MOD(F57,10000)/100),MOD(F57,100)) -> 23027 | H57: =DATEDIF(G57,$G$4,"Y") -> 58 | J57: 19860326 | K57: =DATE(INT(J57/10000),INT(MOD(J57,10000)/100),MOD(J57,100)) -> 31497 | L57: =DATEDIF(K57,$G$4,"Y") -> 35 | O57: 8 | P57: 31000 | Q57: 生産技術部２課工機係 | R57: 0 | T57: 1 | AE57: =ROUNDDOWN(P57*1,0) -> 31000
A58: 23 | B58: 204 | C58: 3233 | D58: 河野 剛二 | E58: M | F58: 19861015 | G58: =DATE(INT(F58/10000),INT(MOD(F58,10000)/100),MOD(F58,100)) -> 31700 | H58: =DATEDIF(G58,$G$4,"Y") -> 34 | J58: 20050321 | K58: =DATE(INT(J58/10000),INT(MOD(J58,10000)/100),MOD(J58,100)) -> 38432 | L58: =DATEDIF(K58,$G$4,"Y") -> 16 | O58: 6 | P58: 31000 | Q58: 生産技術部２課工機係 | R58: 0 | T58: 1 | AE58: =ROUNDDOWN(P58*1,0) -> 31000
A59: 24 | B59: 455 | C59: 5119 | D59: 三浦 弘 | E59: M | F59: 19670723 | G59: =DATE(INT(F59/10000),INT(MOD(F59,10000)/100),MOD(F59,100)) -> 24676 | H59: =DATEDIF(G59,$G$4,"Y") -> 54 | J59: 19850326 | K59: =DATE(INT(J59/10000),INT(MOD(J59,10000)/100),MOD(J59,100)) -> 31132 | L59: =DATEDIF(K59,$G$4,"Y") -> 36 | O59: 46 | P59: 31000 | Q59: 生産技術部２課工機係 | R59: 0 | T59: 2 | AE59: =ROUNDDOWN(P59*1,0) -> 31000
A60: 25 | B60: 378 | C60: 3849 | D60: 村松 孝義 | E60: M | F60: 19770824 | G60: =DATE(INT(F60/10000),INT(MOD(F60,10000)/100),MOD(F60,100)) -> 28361 | H60: =DATEDIF(G60,$G$4,"Y") -> 43 | J60: 19941101 | K60: =DATE(INT(J60/10000),INT(MOD(J60,10000)/100),MOD(J60,100)) -> 34639 | L60: =DATEDIF(K60,$G$4,"Y") -> 26 | O60: 26 | P60: 31000 | Q60: 生産技術部２課工機係 | R60: 0 | T60: 2 | AE60: =ROUNDDOWN(P60*1,0) -> 31000
A61: 26 | B61: 295 | C61: 3417 | D61: 加藤 俊哉 | E61: M | F61: 19951030 | G61: =DATE(INT(F61/10000),INT(MOD(F61,10000)/100),MOD(F61,100)) -> 35002 | H61: =DATEDIF(G61,$G$4,"Y") -> 25 | J61: 20140321 | K61: =DATE(INT(J61/10000),INT(MOD(J61,10000)/100),MOD(J61,100)) -> 41719 | L61: =DATEDIF(K61,$G$4,"Y") -> 7 | O61: 6 | P61: 31000 | Q61: 生産技術部２課工機係 | R61: 0 | T61: 2 | AE61: =ROUNDDOWN(P61*1,0) -> 31000
A62: 27 | B62: 304 | C62: 3436 | D62: 小菅 隼弥 | E62: M | F62: 19960601 | G62: =DATE(INT(F62/10000),INT(MOD(F62,10000)/100),MOD(F62,100)) -> 35217 | H62: =DATEDIF(G62,$G$4,"Y") -> 25 | J62: 20150401 | K62: =DATE(INT(J62/10000),INT(MOD(J62,10000)/100),MOD(J62,100)) -> 42095 | L62: =DATEDIF(K62,$G$4,"Y") -> 6 | O62: 6 | P62: 31000 | Q62: 生産技術部２課工機係 | R62: 0 | T62: 2 | AE62: =ROUNDDOWN(P62*1,0) -> 31000
A63: 28 | B63: 224 | C63: 3283 | D63: 山田 諒 | E63: M | F63: 19891023 | G63: =DATE(INT(F63/10000),INT(MOD(F63,10000)/100),MOD(F63,100)) -> 32804 | H63: =DATEDIF(G63,$G$4,"Y") -> 31 | J63: 20080321 | K63: =DATE(INT(J63/10000),INT(MOD(J63,10000)/100),MOD(J63,100)) -> 39528 | L63: =DATEDIF(K63,$G$4,"Y") -> 13 | O63: 6 | P63: 32000 | Q63: 生産技術部２課試作係 | R63: 0 | T63: 1 | AE63: =ROUNDDOWN(P63*1,0) -> 32000
A64: 29 | B64: 373 | C64: 3787 | D64: 柴崎 憲一 | E64: M | F64: 19700222 | G64: =DATE(INT(F64/10000),INT(MOD(F64,10000)/100),MOD(F64,100)) -> 25621 | H64: =DATEDIF(G64,$G$4,"Y") -> 51 | J64: 19891204 | K64: =DATE(INT(J64/10000),INT(MOD(J64,10000)/100),MOD(J64,100)) -> 32846 | L64: =DATEDIF(K64,$G$4,"Y") -> 31 | O64: 6 | P64: 32000 | Q64: 生産技術部２課試作係 | R64: 0 | T64: 2 | AE64: =ROUNDDOWN(P64*1,0) -> 32000
A65: 30 | B65: 114 | C65: 2932 | D65: 中島 巧 | E65: M | F65: 19750211 | G65: =DATE(INT(F65/10000),INT(MOD(F65,10000)/100),MOD(F65,100)) -> 27436 | H65: =DATEDIF(G65,$G$4,"Y") -> 46 | J65: 19930322 | K65: =DATE(INT(J65/10000),INT(MOD(J65,10000)/100),MOD(J65,100)) -> 34050 | L65: =DATEDIF(K65,$G$4,"Y") -> 28 | O65: 6 | P65: 33000 | Q65: 生産技術部２課保全係 | R65: 0 | T65: 1 | AE65: =ROUNDDOWN(P65*1,0) -> 33000
A66: 31 | B66: 178 | C66: 3177 | D66: 鈴木 豊治 | E66: M | F66: 19821219 | G66: =DATE(INT(F66/10000),INT(MOD(F66,10000)/100),MOD(F66,100)) -> 30304 | H66: =DATEDIF(G66,$G$4,"Y") -> 38 | J66: 20010321 | K66: =DATE(INT(J66/10000),INT(MOD(J66,10000)/100),MOD(J66,100)) -> 36971 | L66: =DATEDIF(K66,$G$4,"Y") -> 20 | O66: 6 | P66: 33000 | Q66: 生産技術部２課保全係 | R66: 0 | T66: 1 | AE66: =ROUNDDOWN(P66*1,0) -> 33000
A67: 32 | B67: 68 | C67: 2612 | D67: 海老沢 忠 | E67: M | F67: 19630414 | G67: =DATE(INT(F67/10000),INT(MOD(F67,10000)/100),MOD(F67,100)) -> 23115 | H67: =DATEDIF(G67,$G$4,"Y") -> 58 | J67: 19820323 | K67: =DATE(INT(J67/10000),INT(MOD(J67,10000)/100),MOD(J67,100)) -> 30033 | L67: =DATEDIF(K67,$G$4,"Y") -> 39 | O67: 6 | P67: 40000 | Q67: 本社工場工場管理課 | R67: 0 | T67: 1 | AE67: =ROUNDDOWN(P67*1,0) -> 40000
A68: 33 | B68: 69 | C68: 2639 | D68: 高塚 英喜 | E68: M | F68: 19630212 | G68: =DATE(INT(F68/10000),INT(MOD(F68,10000)/100),MOD(F68,100)) -> 23054 | H68: =DATEDIF(G68,$G$4,"Y") -> 58 | J68: 19820325 | K68: =DATE(INT(J68/10000),INT(MOD(J68,10000)/100),MOD(J68,100)) -> 30035 | L68: =DATEDIF(K68,$G$4,"Y") -> 39 | O68: 67 | P68: 40000 | Q68: 本社工場工場管理課 | R68: 0 | T68: 1 | AE68: =ROUNDDOWN(P68*1,0) -> 40000
... A73: 38 | B73: 291 | C73: 3412 | D73: 進藤 朋秋 | E73: M | F73: 19910218 | G73: =DATE(INT(F73/10000),INT(MOD(F73,10000)/100),MOD(F73,100)) -> 33287 | H73: =DATEDIF(G73,$G$4,"Y") -> 30 | J73: 20140321 | K73: =DATE(INT(J73/10000),INT(MOD(J73,10000)/100),MOD(J73,100)) -> 41719 | L73: =DATEDIF(K73,$G$4,"Y") -> 7 | O73: 8 | P73: 40000 | Q73: 本社工場工場管理課 | R73: 0 | T73: 1 | AE73: =ROUNDDOWN(P73*1,0) -> 40000
A74: 39 | B74: 52 | C74: 1398 | D74: 相原 永二 | E74: M | F74: 19880831 | G74: =DATE(INT(F74/10000),INT(MOD(F74,10000)/100),MOD(F74,100)) -> 32386 | H74: =DATEDIF(G74,$G$4,"Y") -> 32 | J74: 20190301 | K74: =DATE(INT(J74/10000),INT(MOD(J74,10000)/100),MOD(J74,100)) -> 43525 | L74: =DATEDIF(K74,$G$4,"Y") -> 2 | O74: 8 | P74: 40000 | Q74: 本社工場工場管理課 | R74: 0 | T74: 2 | AE74: =ROUNDDOWN(P74*1,0) -> 40000
A75: 40 | B75: 317 | C75: 3453 | D75: 杉田 航 | E75: M | F75: 19930110 | G75: =DATE(INT(F75/10000),INT(MOD(F75,10000)/100),MOD(F75,100)) -> 33979 | H75: =DATEDIF(G75,$G$4,"Y") -> 28 | J75: 20160401 | K75: =DATE(INT(J75/10000),INT(MOD(J75,10000)/100),MOD(J75,100)) -> 42461 | L75: =DATEDIF(K75,$G$4,"Y") -> 5 | O75: 8 | P75: 40000 | Q75: 本社工場工場管理課 | R75: 0 | T75: 2 | AE75: =ROUNDDOWN(P75*1,0) -> 40000
A76: 41 | B76: 145 | C76: 3048 | D76: 福田 弘幸 | E76: M | F76: 19760820 | G76: =DATE(INT(F76/10000),INT(MOD(F76,10000)/100),MOD(F76,100)) -> 27992 | H76: =DATEDIF(G76,$G$4,"Y") -> 44 | J76: 19950322 | K76: =DATE(INT(J76/10000),INT(MOD(J76,10000)/100),MOD(J76,100)) -> 34780 | L76: =DATEDIF(K76,$G$4,"Y") -> 26 | O76: 6 | P76: 40400 | Q76: 本社工場改善 | R76: 0 | T76: 1 | AE76: =ROUNDDOWN(P76*1,0) -> 40400
A77: 42 | B77: 197 | C77: 3215 | D77: 小笠原 健太 | E77: M | F77: 19860121 | G77: =DATE(INT(F77/10000),INT(MOD(F77,10000)/100),MOD(F77,100)) -> 31433 | H77: =DATEDIF(G77,$G$4,"Y") -> 35 | J77: 20040322 | K77: =DATE(INT(J77/10000),INT(MOD(J77,10000)/100),MOD(J77,100)) -> 38068 | L77: =DATEDIF(K77,$G$4,"Y") -> 17 | O77: 6 | P77: 40400 | Q77: 本社工場改善 | R77: 0 | T77: 1 | AE77: =ROUNDDOWN(P77*1,0) -> 40400
A78: 43 | B78: 95 | C78: 2805 | D78: 野口 建司 | E78: M | F78: 19681129 | G78: =DATE(INT(F78/10000),INT(MOD(F78,10000)/100),MOD(F78,100)) -> 25171 | H78: =DATEDIF(G78,$G$4,"Y") -> 52 | J78: 19870326 | K78: =DATE(INT(J78/10000),INT(MOD(J78,10000)/100),MOD(J78,100)) -> 31862 | L78: =DATEDIF(K78,$G$4,"Y") -> 34 | O78: 6 | P78: 40400 | Q78: 本社工場改善 | R78: 0 | T78: 2 | AE78: =ROUNDDOWN(P78*1,0) -> 40400
A79: 44 | B79: 403 | C79: 3912 | D79: 石川 貴光 | E79: M | F79: 19740419 | G79: =DATE(INT(F79/10000),INT(MOD(F79,10000)/100),MOD(F79,100)) -> 27138 | H79: =DATEDIF(G79,$G$4,"Y") -> 47 | J79: 20030804 | K79: =DATE(INT(J79/10000),INT(MOD(J79,10000)/100),MOD(J79,100)) -> 37837 | L79: =DATEDIF(K79,$G$4,"Y") -> 17 | O79: 8 | P79: 40400 | Q79: 本社工場改善 | R79: 0 | T79: 2 | AE79: =ROUNDDOWN(P79*1,0) -> 40400
A80: 45 | B80: 100 | C80: 2829 | D80: 伊藤 勝正 | E80: M | F80: 19700309 | G80: =DATE(INT(F80/10000),INT(MOD(F80,10000)/100),MOD(F80,100)) -> 25636 | H80: =DATEDIF(G80,$G$4,"Y") -> 51 | J80: 19880324 | K80: =DATE(INT(J80/10000),INT(MOD(J80,10000)/100),MOD(J80,100)) -> 32226 | L80: =DATEDIF(K80,$G$4,"Y") -> 33 | O80: 6 | P80: 69011 | Q80: 羽生工場ＴＣ | R80: 0 | T80: 1 | AE80: =ROUNDDOWN(P80*1,0) -> 69011
A81: 46 | B81: 442 | C81: 4964 | D81: 神田 正 | E81: M | F81: 19610924 | G81: =DATE(INT(F81/10000),INT(MOD(F81,10000)/100),MOD(F81,100)) -> 22548 | H81: =DATEDIF(G81,$G$4,"Y") -> 59 | J81: 19780323 | K81: =DATE(INT(J81/10000),INT(MOD(J81,10000)/100),MOD(J81,100)) -> 28572 | L81: =DATEDIF(K81,$G$4,"Y") -> 43 | O81: 36 | P81: 41200 | Q81: 本社工場構内物流 | R81: 0 | T81: 2 | AE81: =ROUNDDOWN(P81*1,0) -> 41200
A82: 47 | B82: 67 | C82: 2611 | D82: 加藤 靜雄 | E82: M | F82: 19630525 | G82: =DATE(INT(F82/10000),INT(MOD(F82,10000)/100),MOD(F82,100)) -> 23156 | H82: =DATEDIF(G82,$G$4,"Y") -> 58 | J82: 19820326 | K82: =DATE(INT(J82/10000),INT(MOD(J82,10000)/100),MOD(J82,100)) -> 30036 | L82: =DATEDIF(K82,$G$4,"Y") -> 39 | O82: 6 | P82: 41200 | Q82: 本社工場構内物流 | R82: 0 | T82: 2 | AE82: =ROUNDDOWN(P82*1,0) -> 41200
A83: 48 | B83: 71 | C83: 2658 | D83: 高橋 直弘 | E83: M | F83: 19650202 | G83: =DATE(INT(F83/10000),INT(MOD(F83,10000)/100),MOD(F83,100)) -> 23775 | H83: =DATEDIF(G83,$G$4,"Y") -> 56 | J83: 19830325 | K83: =DATE(INT(J83/10000),INT(MOD(J83,10000)/100),MOD(J83,100)) -> 30400 | L83: =DATEDIF(K83,$G$4,"Y") -> 38 | O83: 6 | P83: 41200 | Q83: 本社工場構内物流 | R83: 0 | T83: 2 | AE83: =ROUNDDOWN(P83*1,0) -> 41200
A84: 49 | B84: 370 | C84: 3710 | D84: 松本 武 | E84: M | F84: 19611125 | G84: =DATE(INT(F84/10000),INT(MOD(F84,10000)/100),MOD(F84,100)) -> 22610 | H84: =DATEDIF(G84,$G$4,"Y") -> 59 | J84: 19870801 | K84: =DATE(INT(J84/10000),INT(MOD(J84,10000)/100),MOD(J84,100)) -> 31990 | L84: =DATEDIF(K84,$G$4,"Y") -> 34 | O84: 6 | P84: 41200 | Q84: 本社工場構内物流 | R84: 0 | T84: 2 | AE84: =ROUNDDOWN(P84*1,0) -> 41200
A85: 50 | B85: 102 | C85: 2831 | D85: 三木 茂治 | E85: M | F85: 19700224 | G85: =DATE(INT(F85/10000),INT(MOD(F85,10000)/100),MOD(F85,100)) -> 25623 | H85: =DATEDIF(G85,$G$4,"Y") -> 51 | J85: 19880324 | K85: =DATE(INT(J85/10000),INT(MOD(J85,10000)/100),MOD(J85,100)) -> 32226 | L85: =DATEDIF(K85,$G$4,"Y") -> 33 | O85: 6 | P85: 41200 | Q85: 本社工場構内物流 | R85: 0 | T85: 2 | AE85: =ROUNDDOWN(P85*1,0) -> 41200
A86: 51 | B86: 113 | C86: 2930 | D86: 愛須 隆司 | E86: M | F86: 19671217 | G86: =DATE(INT(F86/10000),INT(MOD(F86,10000)/100),MOD(F86,100)) -> 24823 | H86: =DATEDIF(G86,$G$4,"Y") -> 53 | J86: 19930322 | K86: =DATE(INT(J86/10000),INT(MOD(J86,10000)/100),MOD(J86,100)) -> 34050 | L86: =DATEDIF(K86,$G$4,"Y") -> 28 | O86: 8 | P86: 41200 | Q86: 本社工場構内物流 | R86: 0 | T86: 2 | AE86: =ROUNDDOWN(P86*1,0) -> 41200
... A94: 59 | B94: 447 | C94: 5062 | D94: 鈴木 昇 | E94: M | F94: 19660804 | G94: =DATE(INT(F94/10000),INT(MOD(F94,10000)/100),MOD(F94,100)) -> 24323 | H94: =DATEDIF(G94,$G$4,"Y") -> 54 | J94: 19820325 | K94: =DATE(INT(J94/10000),INT(MOD(J94,10000)/100),MOD(J94,100)) -> 30035 | L94: =DATEDIF(K94,$G$4,"Y") -> 39 | O94: 26 | P94: 50000 | Q94: 品質保証部検査課 | R94: 0 | T94: 1 | AE94: =ROUNDDOWN(P94*1,0) -> 50000
A95: 60 | B95: 50 | C95: 1395 | D95: 前田 岳彦 | E95: M | F95: 19651101 | G95: =DATE(INT(F95/10000),INT(MOD(F95,10000)/100),MOD(F95,100)) -> 24047 | H95: =DATEDIF(G95,$G$4,"Y") -> 55 | J95: 20170201 | K95: =DATE(INT(J95/10000),INT(MOD(J95,10000)/100),MOD(J95,100)) -> 42767 | L95: =DATEDIF(K95,$G$4,"Y") -> 4 | O95: 6 | P95: 50000 | Q95: 品質保証部検査課 | R95: 0 | T95: 2 | AE95: =ROUNDDOWN(P95*1,0) -> 50000
A96: 61 | B96: 343 | C96: 3489 | D96: 佐伯 悠斗 | E96: M | F96: 19950615 | G96: =DATE(INT(F96/10000),INT(MOD(F96,10000)/100),MOD(F96,100)) -> 34865 | H96: =DATEDIF(G96,$G$4,"Y") -> 26 | J96: 20180402 | K96: =DATE(INT(J96/10000),INT(MOD(J96,10000)/100),MOD(J96,100)) -> 43192 | L96: =DATEDIF(K96,$G$4,"Y") -> 3 | O96: 8 | P96: 50000 | Q96: 品質保証部検査課 | R96: 0 | T96: 2 | AE96: =ROUNDDOWN(P96*1,0) -> 50000
A97: 62 | B97: 82 | C97: 2721 | D97: 山田 克平 | E97: M | F97: 19630105 | G97: =DATE(INT(F97/10000),INT(MOD(F97,10000)/100),MOD(F97,100)) -> 23016 | H97: =DATEDIF(G97,$G$4,"Y") -> 58 | J97: 19850328 | K97: =DATE(INT(J97/10000),INT(MOD(J97,10000)/100),MOD(J97,100)) -> 31134 | L97: =DATEDIF(K97,$G$4,"Y") -> 36 | O97: 8 | P97: 51000 | Q97: 品質保証部品質管理課 | R97: 0 | T97: 1 | AE97: =ROUNDDOWN(P97*1,0) -> 51000
A98: 63 | B98: 179 | C98: 3178 | D98: 田中 宏明 | E98: M | F98: 19791022 | G98: =DATE(INT(F98/10000),INT(MOD(F98,10000)/100),MOD(F98,100)) -> 29150 | H98: =DATEDIF(G98,$G$4,"Y") -> 41 | J98: 20020322 | K98: =DATE(INT(J98/10000),INT(MOD(J98,10000)/100),MOD(J98,100)) -> 37337 | L98: =DATEDIF(K98,$G$4,"Y") -> 19 | O98: 8 | P98: 51000 | Q98: 品質保証部品質管理課 | R98: 0 | T98: 1 | AE98: =ROUNDDOWN(P98*1,0) -> 51000
A99: 64 | B99: 239 | C99: 3319 | D99: 石山 友樹 | E99: M | F99: 19871212 | G99: =DATE(INT(F99/10000),INT(MOD(F99,10000)/100),MOD(F99,100)) -> 32123 | H99: =DATEDIF(G99,$G$4,"Y") -> 33 | J99: 20100321 | K99: =DATE(INT(J99/10000),INT(MOD(J99,10000)/100),MOD(J99,100)) -> 40258 | L99: =DATEDIF(K99,$G$4,"Y") -> 11 | O99: 8 | P99: 51000 | Q99: 品質保証部品質管理課 | R99: 0 | T99: 1 | AE99: =ROUNDDOWN(P99*1,0) -> 51000
A100: 65 | B100: 261 | C100: 3360 | D100: 宮本 和樹 | E100: M | F100: 19891103 | G100: =DATE(INT(F100/10000),INT(MOD(F100,10000)/100),MOD(F100,100)) -> 32815 | H100: =DATEDIF(G100,$G$4,"Y") -> 31 | J100: 20120321 | K100: =DATE(INT(J100/10000),INT(MOD(J100,10000)/100),MOD(J100,100)) -> 40989 | L100: =DATEDIF(K100,$G$4,"Y") -> 9 | O100: 8 | P100: 51000 | Q100: 品質保証部品質管理課 | R100: 0 | T100: 1 | AE100: =ROUNDDOWN(P100*1,0) -> 51000
A101: 66 | B101: 301 | C101: 3431 | D101: 菊地 悠太 | E101: M | F101: 19920811 | G101: =DATE(INT(F101/10000),INT(MOD(F101,10000)/100),MOD(F101,100)) -> 33827 | H101: =DATEDIF(G101,$G$4,"Y") -> 28 | J101: 20150401 | K101: =DATE(INT(J101/10000),INT(MOD(J101,10000)/100),MOD(J101,100)) -> 42095 | L101: =DATEDIF(K101,$G$4,"Y") -> 6 | O101: 8 | P101: 51000 | Q101: 品質保証部品質管理課 | R101: 0 | T101: 2 | AE101: =ROUNDDOWN(P101*1,0) -> 51000
A102: 67 | B102: 354 | C102: 3503 | D102: 横山 準弥 | E102: M | F102: 19960611 | G102: =DATE(INT(F102/10000),INT(MOD(F102,10000)/100),MOD(F102,100)) -> 35227 | H102: =DATEDIF(G102,$G$4,"Y") -> 25 | J102: 20190401 | K102: =DATE(INT(J102/10000),INT(MOD(J102,10000)/100),MOD(J102,100)) -> 43556 | L102: =DATEDIF(K102,$G$4,"Y") -> 2 | O102: 8 | P102: 51000 | Q102: 品質保証部品質管理課 | R102: 0 | T102: 2 | AE102: =ROUNDDOWN(P102*1,0) -> 51000
A103: 68 | B103: 1 | C103: 1242 | D103: 長島 彰 | E103: M | F103: 19620113 | G103: =DATE(INT(F103/10000),INT(MOD(F103,10000)/100),MOD(F103,100)) -> 22659 | H103: =DATEDIF(G103,$G$4,"Y") -> 59 | J103: 19881221 | K103: =DATE(INT(J103/10000),INT(MOD(J103,10000)/100),MOD(J103,100)) -> 32498 | L103: =DATEDIF(K103,$G$4,"Y") -> 32 | O103: 8 | P103: 60000 | Q103: 生産管理部製品管理課(羽生) | R103: 0 | T103: 1 | AE103: =ROUNDDOWN(P103*1,0) -> 60000
A104: 69 | B104: 14 | C104: 1338 | D104: 堤 隆 | E104: M | F104: 19700525 | G104: =DATE(INT(F104/10000),INT(MOD(F104,10000)/100),MOD(F104,100)) -> 25713 | H104: =DATEDIF(G104,$G$4,"Y") -> 51 | J104: 20050901 | K104: =DATE(INT(J104/10000),INT(MOD(J104,10000)/100),MOD(J104,100)) -> 38596 | L104: =DATEDIF(K104,$G$4,"Y") -> 15 | O104: 6 | P104: 60000 | Q104: 生産管理部製品管理課(羽生) | R104: 0 | T104: 1 | AE104: =ROUNDDOWN(P104*1,0) -> 60000
A105: 70 | B105: 86 | C105: 2755 | D105: 沖山 尚道 | E105: M | F105: 19640104 | G105: =DATE(INT(F105/10000),INT(MOD(F105,10000)/100),MOD(F105,100)) -> 23380 | H105: =DATEDIF(G105,$G$4,"Y") -> 57 | J105: 19860326 | K105: =DATE(INT(J105/10000),INT(MOD(J105,10000)/100),MOD(J105,100)) -> 31497 | L105: =DATEDIF(K105,$G$4,"Y") -> 35 | O105: 8 | P105: 60200 | Q105: 生産管理部ＩＴ管理課(羽生) | R105: 0 | T105: 1 | AE105: =ROUNDDOWN(P105*1,0) -> 60200
A106: 71 | B106: 29 | C106: 1361 | D106: 日野 貴史 | E106: M | F106: 19800918 | G106: =DATE(INT(F106/10000),INT(MOD(F106,10000)/100),MOD(F106,100)) -> 29482 | H106: =DATEDIF(G106,$G$4,"Y") -> 40 | J106: 20100401 | K106: =DATE(INT(J106/10000),INT(MOD(J106,10000)/100),MOD(J106,100)) -> 40269 | L106: =DATEDIF(K106,$G$4,"Y") -> 11 | O106: 8 | P106: 60200 | Q106: 生産管理部ＩＴ管理課(羽生) | R106: 0 | T106: 1 | AE106: =ROUNDDOWN(P106*1,0) -> 60200
A107: 72 | B107: 281 | C107: 3393 | D107: 新井 貴文 | E107: M | F107: 19930104 | G107: =DATE(INT(F107/10000),INT(MOD(F107,10000)/100),MOD(F107,100)) -> 33973 | H107: =DATEDIF(G107,$G$4,"Y") -> 28 | J107: 20130321 | K107: =DATE(INT(J107/10000),INT(MOD(J107,10000)/100),MOD(J107,100)) -> 41354 | L107: =DATEDIF(K107,$G$4,"Y") -> 8 | O107: 7 | P107: 60200 | Q107: 生産管理部ＩＴ管理課(羽生) | R107: 0 | T107: 2 | AE107: =ROUNDDOWN(P107*1,0) -> 60200
A108: 73 | B108: 17 | C108: 1341 | D108: 菊地 博之 | E108: M | F108: 19710325 | G108: =DATE(INT(F108/10000),INT(MOD(F108,10000)/100),MOD(F108,100)) -> 26017 | H108: =DATEDIF(G108,$G$4,"Y") -> 50 | J108: 20060321 | K108: =DATE(INT(J108/10000),INT(MOD(J108,10000)/100),MOD(J108,100)) -> 38797 | L108: =DATEDIF(K108,$G$4,"Y") -> 15 | O108: 6 | P108: 60300 | Q108: 羽生工場構内物流 | R108: 0 | T108: 1 | AE108: =ROUNDDOWN(P108*1,0) -> 60300
A109: 74 | B109: 372 | C109: 3762 | D109: 篠崎 忠喜 | E109: M | F109: 19680423 | G109: =DATE(INT(F109/10000),INT(MOD(F109,10000)/100),MOD(F109,100)) -> 24951 | H109: =DATEDIF(G109,$G$4,"Y") -> 53 | J109: 19890425 | K109: =DATE(INT(J109/10000),INT(MOD(J109,10000)/100),MOD(J109,100)) -> 32623 | L109: =DATEDIF(K109,$G$4,"Y") -> 32 | O109: 6 | P109: 60300 | Q109: 羽生工場構内物流 | R109: 0 | T109: 2 | AE109: =ROUNDDOWN(P109*1,0) -> 60300
A110: 75 | B110: 165 | C110: 3137 | D110: 新井 猛哉 | E110: M | F110: 19761016 | G110: =DATE(INT(F110/10000),INT(MOD(F110,10000)/100),MOD(F110,100)) -> 28049 | H110: =DATEDIF(G110,$G$4,"Y") -> 44 | J110: 19970321 | K110: =DATE(INT(J110/10000),INT(MOD(J110,10000)/100),MOD(J110,100)) -> 35510 | L110: =DATEDIF(K110,$G$4,"Y") -> 24 | O110: 7 | P110: 60300 | Q110: 羽生工場構内物流 | R110: 0 | T110: 2 | AE110: =ROUNDDOWN(P110*1,0) -> 60300
A111: 76 | B111: 406 | C111: 3938 | D111: 渋谷 仁 | E111: M | F111: 19730807 | G111: =DATE(INT(F111/10000),INT(MOD(F111,10000)/100),MOD(F111,100)) -> 26883 | H111: =DATEDIF(G111,$G$4,"Y") -> 47 | J111: 20060301 | K111: =DATE(INT(J111/10000),INT(MOD(J111,10000)/100),MOD(J111,100)) -> 38777 | L111: =DATEDIF(K111,$G$4,"Y") -> 15 | O111: 6 | P111: 60300 | Q111: 羽生工場構内物流 | R111: 0 | T111: 2 | AE111: =ROUNDDOWN(P111*1,0) -> 60300
A112: 77 | B112: 418 | C112: 3959 | D112: 河野 博之 | E112: M | F112: 19670717 | G112: =DATE(INT(F112/10000),INT(MOD(F112,10000)/100),MOD(F112,100)) -> 24670 | H112: =DATEDIF(G112,$G$4,"Y") -> 54 | J112: 20070613 | K112: =DATE(INT(J112/10000),INT(MOD(J112,10000)/100),MOD(J112,100)) -> 39246 | L112: =DATEDIF(K112,$G$4,"Y") -> 14 | O112: 8 | P112: 60300 | Q112: 羽生工場構内物流 | R112: 0 | T112: 2 | AE112: =ROUNDDOWN(P112*1,0) -> 60300
A113: 78 | B113: 426 | C113: 3970 | D113: 鈴木 誠 | E113: M | F113: 19640913 | G113: =DATE(INT(F113/10000),INT(MOD(F113,10000)/100),MOD(F113,100)) -> 23633 | H113: =DATEDIF(G113,$G$4,"Y") -> 56 | J113: 20070910 | K113: =DATE(INT(J113/10000),INT(MOD(J113,10000)/100),MOD(J113,100)) -> 39335 | L113: =DATEDIF(K113,$G$4,"Y") -> 13 | O113: 7 | P113: 60300 | Q113: 羽生工場構内物流 | R113: 0 | T113: 2 | AE113: =ROUNDDOWN(P113*1,0) -> 60300
A114: 79 | B114: 438 | C114: 3994 | D114: 相京 紀史 | E114: M | F114: 19750404 | G114: =DATE(INT(F114/10000),INT(MOD(F114,10000)/100),MOD(F114,100)) -> 27488 | H114: =DATEDIF(G114,$G$4,"Y") -> 46 | J114: 20080121 | K114: =DATE(INT(J114/10000),INT(MOD(J114,10000)/100),MOD(J114,100)) -> 39468 | L114: =DATEDIF(K114,$G$4,"Y") -> 13 | O114: 6 | P114: 60300 | Q114: 羽生工場構内物流 | R114: 0 | T114: 2 | AE114: =ROUNDDOWN(P114*1,0) -> 60300
... A124: 89 | B124: 318 | C124: 3454 | D124: 佐藤 直樹 | E124: M | F124: 19930630 | G124: =DATE(INT(F124/10000),INT(MOD(F124,10000)/100),MOD(F124,100)) -> 34150 | H124: =DATEDIF(G124,$G$4,"Y") -> 28 | J124: 20160401 | K124: =DATE(INT(J124/10000),INT(MOD(J124,10000)/100),MOD(J124,100)) -> 42461 | L124: =DATEDIF(K124,$G$4,"Y") -> 5 | O124: 8 | P124: 61000 | Q124: 生産技術部（羽生） | R124: 0 | T124: 2 | AE124: =ROUNDDOWN(P124*1,0) -> 61000
A125: 90 | B125: 352 | C125: 3501 | D125: 高橋 康介 | E125: M | F125: 19970128 | G125: =DATE(INT(F125/10000),INT(MOD(F125,10000)/100),MOD(F125,100)) -> 35458 | H125: =DATEDIF(G125,$G$4,"Y") -> 24 | J125: 20190401 | K125: =DATE(INT(J125/10000),INT(MOD(J125,10000)/100),MOD(J125,100)) -> 43556 | L125: =DATEDIF(K125,$G$4,"Y") -> 2 | O125: 8 | P125: 51000 | Q125: 品質保証部品質管理課 | R125: 0 | T125: 2 | AE125: =ROUNDDOWN(P125*1,0) -> 51000
A126: 91 | B126: 184 | C126: 3190 | D126: 飯塚 悟史 | E126: M | F126: 19830917 | G126: =DATE(INT(F126/10000),INT(MOD(F126,10000)/100),MOD(F126,100)) -> 30576 | H126: =DATEDIF(G126,$G$4,"Y") -> 37 | J126: 20020322 | K126: =DATE(INT(J126/10000),INT(MOD(J126,10000)/100),MOD(J126,100)) -> 37337 | L126: =DATEDIF(K126,$G$4,"Y") -> 19 | O126: 6 | P126: 61200 | Q126: 生産技術部工機（羽生） | R126: 0 | T126: 1 | AE126: =ROUNDDOWN(P126*1,0) -> 61200
A127: 92 | B127: 213 | C127: 3254 | D127: 江川 修 | E127: M | F127: 19880204 | G127: =DATE(INT(F127/10000),INT(MOD(F127,10000)/100),MOD(F127,100)) -> 32177 | H127: =DATEDIF(G127,$G$4,"Y") -> 33 | J127: 20060321 | K127: =DATE(INT(J127/10000),INT(MOD(J127,10000)/100),MOD(J127,100)) -> 38797 | L127: =DATEDIF(K127,$G$4,"Y") -> 15 | O127: 6 | P127: 61200 | Q127: 生産技術部工機（羽生） | R127: 0 | T127: 2 | AE127: =ROUNDDOWN(P127*1,0) -> 61200
...

Sheet 7月
E1: 理事、役員、顧問、海外出向者は除く
E3: 2021年7月1日従業員人数
A4: 部署コード | D4: 部署名 | E4: 正社員 | G4: 計 | H4: パ・嘱 | I4: 合計 | J4: 委託 | K4: 総合計
E5: M | F5: L
A6: 200 | D6: =VLOOKUP(A6,正社員!$P$3:$Q$20,2,FALSE) -> #N/A | E6: =COUNTIFS(正社員!$E$5:$P$20,A6) -> 0 | F6: =COUNTIF(正社員!$P$26:$P$32,A6) -> 0 | G6: =E6+F6 -> 0 | H6: =COUNTIF(#REF!,B6) -> #REF! | K6: =G6+H6+J6 -> #REF!
A7: 210 | D7: =VLOOKUP(A7,正社員!$P$3:$Q$20,2,FALSE) -> #N/A | E7: =COUNTIFS(正社員!$E$5:$P$20,A7) -> 0 | F7: =COUNTIF(正社員!$P$26:$P$32,A7) -> 0 | G7: =E7+F7 -> 0 | H7: =COUNTIF(#REF!,B7) -> #REF! | K7: =G7+H7+J7 -> #REF!
A8: 10000 | B8: 10020 | D8: =VLOOKUP(A8,正社員!$P$3:$Q$20,2,FALSE) -> 営業部 | E8: =COUNTIFS(正社員!$E$5:$P$18,A8) -> 7 | F8: =COUNTIF(正社員!$P$26:$P$32,A8) -> 3 | G8: =E8+F8 -> 10 | H8: =COUNTIF(#REF!,B8) -> #REF! | K8: =G8+H8+J8 -> #REF!
A9: 11000 | B9: 11020 | D9: =VLOOKUP(A9,正社員!$P$3:$Q$20,2,FALSE) -> #N/A | E9: =COUNTIFS(正社員!$E$5:$P$18,A9) -> 0 | F9: =COUNTIF(正社員!$P$26:$P$32,A9) -> 0 | G9: =E9+F9 -> 0 | H9: =COUNTIF(#REF!,B9) -> #REF! | K9: =G9+H9+J9 -> #REF!
A10: 90000 | B10: 90020 | D10: =VLOOKUP(A10,正社員!$P$39:$Q$195,2,FALSE) -> 資材部 | E10: =COUNTIFS(正社員!$P$38:$P$195,A10) -> 8 | F10: =COUNTIF(正社員!$P$200:$P$226,A10) -> 2 | G10: =E10+F10 -> 10 | H10: =COUNTIF(#REF!,B10) -> #REF! | K10: =G10+H10+J10 -> #REF!
A11: 3000 | B11: 3020 | D11: =VLOOKUP(A11,正社員!$P$3:$Q$20,2,FALSE) -> 経理部経理課 | E11: =COUNTIFS(正社員!$E$5:$P$18,A11) -> 1 | F11: =COUNTIF(正社員!$P$26:$P$32,A11) -> 2 | G11: =E11+F11 -> 3 | H11: =COUNTIF(#REF!,B11) -> #REF! | K11: =G11+H11+J11 -> #REF!
A12: 1000 | B12: 1020 | D12: =VLOOKUP(A12,正社員!$P$3:$Q$20,2,FALSE) -> 総務部 | E12: =COUNTIFS(正社員!$E$5:$P$20,A12) -> 4 | F12: =COUNTIF(正社員!$P$26:$P$32,A12) -> 0 | G12: =E12+F12 -> 4 | H12: =COUNTIF(#REF!,B12) -> #REF! | K12: =G12+H12+J12 -> #REF!
A13: 1100 | B13: 1120 | D13: =VLOOKUP(A13,正社員!$P$3:$Q$20,2,FALSE) -> 総務部羽生総務課 | E13: =COUNTIFS(正社員!$E$5:$P$20,A13) -> 2 | F13: =COUNTIF(正社員!$P$26:$P$32,A13) -> 0 | G13: =E13+F13 -> 2 | H13: =COUNTIF(#REF!,B13) -> #REF! | K13: =G13+H13+J13 -> #REF!
D14: 総務部計 | E14: =SUM(E12:E13) -> 6 | F14: =SUM(F12:F13) -> 0 | G14: =SUM(G12:G13) -> 6 | H14: =SUM(H12:H13) -> #REF! | I14: =SUM(I12:I13) -> 0 | J14: =SUM(J12:J13) -> 0 | K14: =SUM(K12:K13) -> #REF!
A15: 50000 | B15: 50020 | D15: =VLOOKUP(A15,正社員!$P$39:$Q$195,2,FALSE) -> 品質保証部検査課 | E15: =COUNTIFS(正社員!$P$38:$P$195,A15) -> 3 | F15: =COUNTIF(正社員!$P$200:$P$226,A15) -> 2 | G15: =E15+F15 -> 5 | H15: =COUNTIF(#REF!,B15) -> #REF! | K15: =G15+H15+J15 -> #REF!
A16: 51000 | B16: 51020 | D16: =VLOOKUP(A16,正社員!$P$39:$Q$195,2,FALSE) -> 品質保証部品質管理課 | E16: =COUNTIFS(正社員!$P$38:$P$195,A16) -> 7 | F16: =COUNTIF(正社員!$P$200:$P$226,A16) -> 0 | G16: =E16+F16 -> 7 | H16: =COUNTIF(#REF!,B16) -> #REF! | K16: =G16+H16+J16 -> #REF!
A17: 63000 | B17: 63020 | D17: =VLOOKUP(A17,正社員!$P$39:$Q$195,2,FALSE) -> 品質保証部（羽生） | E17: =COUNTIFS(正社員!$P$38:$P$195,A17) -> 7 | F17: =COUNTIF(正社員!$P$200:$P$226,A17) -> 3 | G17: =E17+F17 -> 10 | H17: =COUNTIF(#REF!,B17) -> #REF! | K17: =G17+H17+J17 -> #REF!
D18: 品質保証部計 | E18: =SUM(E15:E17) -> 17 | F18: =SUM(F15:F17) -> 5 | G18: =SUM(G15:G17) -> 22 | H18: =SUM(H15:H17) -> #REF! | I18: =SUM(I15:I17) -> 0 | J18: =SUM(J15:J17) -> 0 | K18: =SUM(K15:K17) -> #REF!
A19: 80000 | B19: 80020 | D19: =VLOOKUP(A19,正社員!$P$39:$Q$195,2,FALSE) -> ＮＥＬ | E19: =COUNTIFS(正社員!$P$38:$P$195,A19) -> 43 | F19: =COUNTIF(正社員!$P$200:$P$226,A19) -> 3 | G19: =E19+F19 -> 46 | H19: =COUNTIF(#REF!,B19) -> #REF! | K19: =G19+H19+J19 -> #REF!
A20: 41111 | B20: 41121 | C20: １課 | D20: =VLOOKUP(A20,正社員!$P$234:$Q$460,2,FALSE) -> 本社工場ＮＣ | E20: =COUNTIF(正社員!$P$234:$P$460,A20) -> 9 | F20: =COUNTIF(正社員!$P$467:$P$483,A20) -> 0 | G20: =E20+F20 -> 9 | H20: =COUNTIF(#REF!,B20) -> #REF! | K20: =G20+H20+J20 -> #REF!
A21: 43011 | B21: 43021 | D21: =VLOOKUP(A21,正社員!$P$234:$Q$460,2,FALSE) -> 本社工場ＴＰ | E21: =COUNTIF(正社員!$P$234:$P$460,A21) -> 14 | F21: =COUNTIF(正社員!$P$467:$P$483,A21) -> 0 | G21: =E21+F21 -> 14 | H21: =COUNTIF(#REF!,B21) -> #REF! | K21: =G21+H21+J21 -> #REF!
A22: 41011 | B22: 41021 | D22: =VLOOKUP(A22,正社員!$P$234:$Q$460,2,FALSE) -> 本社工場ＨＹ | E22: =COUNTIF(正社員!$P$234:$P$460,A22) -> 19 | F22: =COUNTIF(正社員!$P$467:$P$483,A22) -> 0 | G22: =E22+F22 -> 19 | H22: =COUNTIF(#REF!,B22) -> #REF! | K22: =G22+H22+J22 -> #REF!
A23: 42111 | B23: 42121 | C23: ２課 | D23: =VLOOKUP(A23,正社員!$P$234:$Q$460,2,FALSE) -> 本社工場組立第１ | E23: =COUNTIF(正社員!$P$234:$P$460,A23) -> 10 | F23: =COUNTIF(正社員!$P$467:$P$483,A23) -> 0 | G23: =E23+F23 -> 10 | H23: =COUNTIF(#REF!,B23) -> #REF! | K23: =G23+H23+J23 -> #REF!
A24: 42411 | B24: 42421 | D24: =VLOOKUP(A24,正社員!$P$234:$Q$460,2,FALSE) -> 本社工場組立第２ | E24: =COUNTIF(正社員!$P$234:$P$460,A24) -> 9 | F24: =COUNTIF(正社員!$P$467:$P$483,A24) -> 0 | G24: =E24+F24 -> 9 | H24: =COUNTIF(#REF!,B24) -> #REF! | K24: =G24+H24+J24 -> #REF!
A25: 42211 | B25: 42221 | D25: =VLOOKUP(A25,正社員!$P$234:$Q$460,2,FALSE) -> 本社工場ＡＣ研磨 | E25: =COUNTIF(正社員!$P$234:$P$460,A25) -> 11 | F25: =COUNTIF(正社員!$P$467:$P$483,A25) -> 0 | G25: =E25+F25 -> 11 | H25: =COUNTIF(#REF!,B25) -> #REF! | K25: =G25+H25+J25 -> #REF!
A26: 42011 | B26: 42021 | D26: =VLOOKUP(A26,正社員!$P$234:$Q$460,2,FALSE) -> 本社工場機械第１ | E26: =COUNTIF(正社員!$P$234:$P$460,A26) -> 13 | F26: =COUNTIF(正社員!$P$467:$P$483,A26) -> 0 | G26: =E26+F26 -> 13 | H26: =COUNTIF(#REF!,B26) -> #REF! | K26: =G26+H26+J26 -> #REF!
A27: 42311 | B27: 42321 | D27: =VLOOKUP(A27,正社員!$P$234:$Q$460,2,FALSE) -> 本社工場機械第２ | E27: =COUNTIF(正社員!$P$234:$P$460,A27) -> 7 | F27: =COUNTIF(正社員!$P$467:$P$483,A27) -> 0 | G27: =E27+F27 -> 7 | H27: =COUNTIF(#REF!,B27) -> #REF! | K27: =G27+H27+J27 -> #REF!
A28: 43211 | B28: 43221 | C28: ３課 | D28: =VLOOKUP(A28,正社員!$P$234:$Q$460,2,FALSE) -> 本社工場ＢＶ | E28: =COUNTIF(正社員!$P$234:$P$460,A28) -> 12 | F28: =COUNTIF(正社員!$P$467:$P$483,A28) -> 6 | G28: =E28+F28 -> 18 | H28: =COUNTIF(#REF!,B28) -> #REF! | K28: =G28+H28+J28 -> #REF!
A29: 43311 | B29: 43321 | D29: =VLOOKUP(A29,正社員!$P$234:$Q$460,2,FALSE) -> 本社工場ＳＰ | E29: =COUNTIF(正社員!$P$234:$P$460,A29) -> 4 | F29: =COUNTIF(正社員!$P$467:$P$483,A29) -> 0 | G29: =E29+F29 -> 4 | H29: =COUNTIF(#REF!,B29) -> #REF! | K29: =G29+H29+J29 -> #REF!
A30: 41200 | B30: 41221 | D30: =VLOOKUP(A30,正社員!$P$39:$Q$195,2,FALSE) -> 本社工場構内物流 | E30: =COUNTIFS(正社員!$P$38:$P$195,A30) -> 8 | F30: =COUNTIF(正社員!$P$200:$P$226,A30) -> 0 | G30: =E30+F30 -> 8 | H30: =COUNTIF(#REF!,B30) -> #REF! | K30: =G30+H30+J30 -> #REF!
A31: 40400 | B31: 40420 | D31: =VLOOKUP(A31,正社員!$P$39:$Q$195,2,FALSE) -> 本社工場改善 | E31: =COUNTIFS(正社員!$P$38:$P$195,A31) -> 4 | F31: =COUNTIF(正社員!$P$200:$P$226,A31) -> 0 | G31: =E31+F31 -> 4 | H31: =COUNTIF(#REF!,B31) -> #REF! | K31: =G31+H31+J31 -> #REF!
A32: 40000 | B32: 40020 | D32: =VLOOKUP(A32,正社員!$P$39:$Q$195,2,FALSE) -> 本社工場工場管理課 | E32: =COUNTIFS(正社員!$P$38:$P$195,A32) -> 8 | F32: =COUNTIF(正社員!$P$200:$P$226,A32) -> 1 | G32: =E32+F32 -> 9 | H32: =COUNTIF(#REF!,B32) -> #REF! | K32: =G32+H32+J32 -> #REF!
D33: 本社工場 | E33: =SUM(E20:E32) -> 128 | F33: =SUM(F20:F32) -> 7 | G33: =SUM(G20:G32) -> 135 | H33: =SUM(H20:H32) -> #REF! | I33: =SUM(I20:I32) -> 0 | J33: =SUM(J20:J32) -> 0 | K33: =SUM(K20:K32) -> #REF!
A34: 67211 | B34: 67221 | C34: １課 | D34: =VLOOKUP(A34,正社員!$P$234:$Q$460,2,FALSE) -> 羽生工場ＮＣ | E34: =COUNTIF(正社員!$P$234:$P$460,A34) -> 6 | F34: =COUNTIF(正社員!$P$467:$P$483,A34) -> 0 | G34: =E34+F34 -> 6 | H34: =COUNTIF(#REF!,B34) -> #REF! | K34: =G34+H34+J34 -> #REF!
A35: 68011 | B35: 68021 | D35: =VLOOKUP(A35,正社員!$P$234:$Q$460,2,FALSE) -> 羽生工場ＣＢ | E35: =COUNTIF(正社員!$P$234:$P$460,A35) -> 2 | F35: =COUNTIF(正社員!$P$467:$P$483,A35) -> 0 | G35: =E35+F35 -> 2 | H35: =COUNTIF(#REF!,B35) -> #REF! | K35: =G35+H35+J35 -> #REF!
A36: 69211 | B36: 69221 | D36: =VLOOKUP(A36,正社員!$P$234:$Q$460,2,FALSE) -> 羽生工場ＢＰＶ | E36: =COUNTIF(正社員!$P$234:$P$460,A36) -> 4 | F36: =COUNTIF(正社員!$P$467:$P$483,A36) -> 1 | G36: =E36+F36 -> 5 | H36: =COUNTIF(#REF!,B36) -> #REF! | K36: =G36+H36+J36 -> #REF!
A37: 69111 | B37: 69121 | D37: =VLOOKUP(A37,正社員!$P$234:$Q$460,2,FALSE) -> 羽生工場ＥＧＲ | E37: =COUNTIF(正社員!$P$234:$P$460,A37) -> 1 | F37: =COUNTIF(正社員!$P$467:$P$483,A37) -> 0 | G37: =E37+F37 -> 1 | H37: =COUNTIF(#REF!,B37) -> #REF! | K37: =G37+H37+J37 -> #REF!
A38: 64011 | B38: 64021 | C38: ２課 | D38: =VLOOKUP(A38,正社員!$P$234:$Q$460,2,FALSE) -> 羽生工場ＢＣ | E38: =COUNTIF(正社員!$P$234:$P$460,A38) -> 5 | F38: =COUNTIF(正社員!$P$467:$P$483,A38) -> 0 | G38: =E38+F38 -> 5 | H38: =COUNTIF(#REF!,B38) -> #REF! | K38: =G38+H38+J38 -> #REF!
A39: 64111 | B39: 64121 | D39: =VLOOKUP(A39,正社員!$P$234:$Q$460,2,FALSE) -> 羽生工場ＢＢ | E39: =COUNTIF(正社員!$P$234:$P$460,A39) -> 4 | F39: =COUNTIF(正社員!$P$467:$P$483,A39) -> 1 | G39: =E39+F39 -> 5 | H39: =COUNTIF(#REF!,B39) -> #REF! | K39: =G39+H39+J39 -> #REF!
A40: 64211 | B40: 64221 | D40: =VLOOKUP(A40,正社員!$P$234:$Q$460,2,FALSE) -> 羽生工場ＡＳ | E40: =COUNTIF(正社員!$P$234:$P$460,A40) -> 1 | F40: =COUNTIF(正社員!$P$467:$P$483,A40) -> 1 | G40: =E40+F40 -> 2 | H40: =COUNTIF(#REF!,B40) -> #REF! | K40: =G40+H40+J40 -> #REF!
A41: 67011 | B41: 67021 | D41: =VLOOKUP(A41,正社員!$P$234:$Q$460,2,FALSE) -> 羽生工場プレス | E41: =COUNTIF(正社員!$P$234:$P$460,A41) -> 9 | F41: =COUNTIF(正社員!$P$467:$P$483,A41) -> 0 | G41: =E41+F41 -> 9 | H41: =COUNTIF(#REF!,B41) -> #REF! | K41: =G41+H41+J41 -> #REF!
A42: 68111 | B42: 68121 | D42: =VLOOKUP(A42,正社員!$P$234:$Q$460,2,FALSE) -> 羽生工場ＰＳＨ | E42: =COUNTIF(正社員!$P$234:$P$460,A42) -> 4 | F42: =COUNTIF(正社員!$P$467:$P$483,A42) -> 1 | G42: =E42+F42 -> 5 | H42: =COUNTIF(#REF!,B42) -> #REF! | K42: =G42+H42+J42 -> #REF!
A43: 64311 | B43: 64321 | D43: =VLOOKUP(A43,正社員!$P$234:$Q$460,2,FALSE) -> 羽生工場ＭＳＵ | E43: =COUNTIF(正社員!$P$234:$P$460,A43) -> 1 | F43: =COUNTIF(正社員!$P$467:$P$483,A43) -> 0 | G43: =E43+F43 -> 1 | H43: =COUNTIF(#REF!,B43) -> #REF! | K43: =G43+H43+J43 -> #REF!
A44: 69011 | B44: 69021 | C44: ３課 | D44: =VLOOKUP(A44,正社員!$P$234:$Q$460,2,FALSE) -> 羽生工場ＴＣ | E44: =COUNTIF(正社員!$P$234:$P$480,A44) -> 18 | F44: =COUNTIF(正社員!$P$467:$P$483,A44) -> 1 | G44: =E44+F44 -> 19 | H44: =COUNTIF(#REF!,B44) -> #REF! | K44: =G44+H44+J44 -> #REF!
A45: 60300 | B45: 60320 | D45: =VLOOKUP(A45,正社員!$P$39:$Q$195,2,FALSE) -> 羽生工場構内物流 | E45: =COUNTIFS(正社員!$P$38:$P$195,A45) -> 8 | F45: =COUNTIF(正社員!$P$200:$P$226,A45) -> 0 | G45: =E45+F45 -> 8 | H45: =COUNTIF(#REF!,B45) -> #REF! | K45: =G45+H45+J45 -> #REF!
A46: 60411 | B46: 60421 | D46: =VLOOKUP(A46,正社員!$P$234:$Q$460,2,FALSE) -> 羽生工場構内ＳＰ | E46: =COUNTIF(正社員!$P$234:$P$460,A46) -> 3 | F46: =COUNTIF(正社員!$P$467:$P$483,A46) -> 0 | G46: =E46+F46 -> 3 | H46: =COUNTIF(#REF!,B46) -> #REF! | K46: =G46+H46+J46 -> #REF!
A47: 65011 | B47: 65021 | C47: ４課 | D47: =VLOOKUP(A47,正社員!$P$234:$Q$460,2,FALSE) -> 羽生工場ＶＰ－１ | E47: =COUNTIF(正社員!$P$234:$P$460,A47) -> 15 | F47: =COUNTIF(正社員!$P$467:$P$483,A47) -> 1 | G47: =E47+F47 -> 16 | H47: =COUNTIF(#REF!,B47) -> #REF! | K47: =G47+H47+J47 -> #REF!
A48: 66011 | B48: 66021 | D48: =VLOOKUP(A48,正社員!$P$234:$Q$460,2,FALSE) -> 羽生工場ＶＰ－２ | E48: =COUNTIF(正社員!$P$234:$P$460,A48) -> 16 | F48: =COUNTIF(正社員!$P$467:$P$483,A48) -> 3 | G48: =E48+F48 -> 19 | H48: =COUNTIF(#REF!,B48) -> #REF! | K48: =G48+H48+J48 -> #REF!
A49: 61300 | B49: 61320 | D49: =VLOOKUP(A49,正社員!$P$39:$Q$195,2,FALSE) -> 羽生工場工場管理課 | E49: =COUNTIFS(正社員!$P$38:$P$195,A49) -> 3 | F49: =COUNTIF(正社員!$P$200:$P$226,A49) -> 1 | G49: =E49+F49 -> 4 | H49: =COUNTIF(#REF!,B49) -> #REF! | K49: =G49+H49+J49 -> #REF!
D50: 羽生工場 | E50: =SUM(E34:E49) -> 100 | F50: =SUM(F34:F49) -> 10 | G50: =SUM(G34:G49) -> 110 | H50: =SUM(H34:H49) -> #REF! | I50: =SUM(I34:I49) -> 0 | J50: =SUM(J34:J49) -> 0 | K50: =SUM(K34:K49) -> #REF!
A51: 44011 | B51: 44021 | C51: １課 | D51: =VLOOKUP(A51,正社員!$P$234:$Q$460,2,FALSE) -> 川越第二工場１係 | E51: =COUNTIF(正社員!$P$234:$P$460,A51) -> 2 | F51: =COUNTIF(正社員!$P$467:$P$483,A51) -> 0 | G51: =E51+F51 -> 2 | H51: =COUNTIF(#REF!,B51) -> #REF! | K51: =G51+H51+J51 -> #REF!
A52: 44111 | B52: 44121 | D52: =VLOOKUP(A52,正社員!$P$234:$Q$460,2,FALSE) -> 川越第二工場２係 | E52: =COUNTIF(正社員!$P$234:$P$460,A52) -> 5 | F52: =COUNTIF(正社員!$P$467:$P$483,A52) -> 0 | G52: =E52+F52 -> 5 | H52: =COUNTIF(#REF!,B52) -> #REF! | K52: =G52+H52+J52 -> #REF!
A53: 44511 | B53: 44521 | D53: =VLOOKUP(A53,正社員!$P$234:$Q$460,2,FALSE) -> 川越第二工場５係 | E53: =COUNTIF(正社員!$P$234:$P$460,A53) -> 6 | F53: =COUNTIF(正社員!$P$467:$P$483,A53) -> 0 | G53: =E53+F53 -> 6 | H53: =COUNTIF(#REF!,B53) -> #REF! | K53: =G53+H53+J53 -> #REF!
A54: 45111 | B54: 45121 | D54: =VLOOKUP(A54,正社員!$P$234:$Q$460,2,FALSE) -> 川越第二工場鋳造部門 | E54: =COUNTIF(正社員!$P$234:$P$460,A54) -> 14 | F54: =COUNTIF(正社員!$P$467:$P$483,A54) -> 0 | G54: =E54+F54 -> 14 | H54: =COUNTIF(#REF!,B54) -> #REF! | K54: =G54+H54+J54 -> #REF!
A55: 44200 | B55: 44220 | C55: ２課 | D55: =VLOOKUP(A55,正社員!$P$39:$Q$195,2,FALSE) -> 川越第二工場管理 | E55: =COUNTIFS(正社員!$P$38:$P$195,A55) -> 5 | F55: =COUNTIF(正社員!$P$200:$P$226,A55) -> 2 | G55: =E55+F55 -> 7 | H55: =COUNTIF(#REF!,B55) -> #REF! | K55: =G55+H55+J55 -> #REF!
D56: 川越第二工場 | E56: =SUM(E51:E55) -> 32 | F56: =SUM(F51:F55) -> 2 | G56: =SUM(G51:G55) -> 34 | H56: =SUM(H51:H55) -> #REF! | I56: =SUM(I51:I55) -> 0 | J56: =SUM(J51:J55) -> 0 | K56: =SUM(K51:K55) -> #REF!
A57: 20000 | B57: =IFERROR(VLOOKUP(D57,#REF!,2,FALSE),"") | D57: =VLOOKUP(A57,正社員!$P$39:$Q$195,2,FALSE) -> 生産管理部製品管理課 | E57: =COUNTIFS(正社員!$P$38:$P$195,A57) -> 2 | F57: =COUNTIF(正社員!$P$200:$P$226,A57) -> 0 | G57: =E57+F57 -> 2 | H57: =COUNTIF(#REF!,B57) -> #REF! | K57: =G57+H57+J57 -> #REF!
A59: 22000 | B59: 22020 | D59: =VLOOKUP(A59,正社員!$P$39:$Q$195,2,FALSE) -> 生産管理部ＩＴ管理課 | E59: =COUNTIFS(正社員!$P$38:$P$195,A59) -> 3 | F59: =COUNTIF(正社員!$P$200:$P$226,A59) -> 1 | G59: =E59+F59 -> 4 | H59: =COUNTIF(#REF!,B59) -> #REF! | K59: =G59+H59+J59 -> #REF!
A60: 60000 | B60: 60020 | D60: =VLOOKUP(A60,正社員!$P$39:$Q$195,2,FALSE) -> 生産管理部製品管理課(羽生) | E60: =COUNTIFS(正社員!$P$38:$P$195,A60) -> 2 | F60: =COUNTIF(正社員!$P$200:$P$226,A60) -> 2 | G60: =E60+F60 -> 4 | H60: =COUNTIF(#REF!,B60) -> #REF! | K60: =G60+H60+J60 -> #REF!
A61: 60200 | B61: 60220 | D61: =VLOOKUP(A61,正社員!$P$39:$Q$195,2,FALSE) -> 生産管理部ＩＴ管理課(羽生) | E61: =COUNTIFS(正社員!$P$38:$P$195,A61) -> 3 | F61: =COUNTIF(正社員!$P$200:$P$226,A61) -> 1 | G61: =E61+F61 -> 4 | H61: =COUNTIF(#REF!,B61) -> #REF! | K61: =G61+H61+J61 -> #REF!
D62: 生産管理部 | E62: =SUM(E57:E61) -> 10 | F62: =SUM(F57:F61) -> 4 | G62: =SUM(G57:G61) -> 14 | H62: =SUM(H57:H61) -> #REF! | I62: =SUM(I57:I61) -> 0 | J62: =SUM(J57:J61) -> 0 | K62: =SUM(K57:K61) -> #REF!
A63: 30000 | B63: 30020 | D63: =VLOOKUP(A63,正社員!$P$39:$Q$195,2,FALSE) -> 生産技術部１課 | E63: =COUNTIFS(正社員!$P$38:$P$195,A63) -> 14 | F63: =COUNTIF(正社員!$P$200:$P$226,A63) -> 1 | G63: =E63+F63 -> 15 | H63: =COUNTIF(#REF!,B63) -> #REF! | K63: =G63+H63+J63 -> #REF!
A64: 31000 | B64: 31020 | D64: =VLOOKUP(A64,正社員!$P$39:$Q$195,2,FALSE) -> 生産技術部２課工機係 | E64: =COUNTIFS(正社員!$P$38:$P$195,A64) -> 6 | F64: =COUNTIF(正社員!$P$200:$P$226,A64) -> 1 | G64: =E64+F64 -> 7 | H64: =COUNTIF(#REF!,B64) -> #REF! | K64: =G64+H64+J64 -> #REF!
A65: 32000 | B65: 32020 | D65: =VLOOKUP(A65,正社員!$P$39:$Q$195,2,FALSE) -> 生産技術部２課試作係 | E65: =COUNTIFS(正社員!$P$38:$P$195,A65) -> 2 | F65: =COUNTIF(正社員!$P$200:$P$226,A65) -> 0 | G65: =E65+F65 -> 2 | H65: =COUNTIF(#REF!,B65) -> #REF! | K65: =G65+H65+J65 -> #REF!
A66: 33000 | B66: 33020 | D66: =VLOOKUP(A66,正社員!$P$39:$Q$195,2,FALSE) -> 生産技術部２課保全係 | E66: =COUNTIFS(正社員!$P$38:$P$195,A66) -> 2 | F66: =COUNTIF(正社員!$P$200:$P$226,A66) -> 0 | G66: =E66+F66 -> 2 | H66: =COUNTIF(#REF!,B66) -> #REF! | K66: =G66+H66+J66 -> #REF!
A67: 61000 | B67: 61020 | D67: =VLOOKUP(A67,正社員!$P$39:$Q$195,2,FALSE) -> 生産技術部（羽生） | E67: =COUNTIFS(正社員!$P$38:$P$195,A67) -> 10 | F67: =COUNTIF(正社員!$P$200:$P$226,A67) -> 1 | G67: =E67+F67 -> 11 | H67: =COUNTIF(#REF!,B67) -> #REF! | K67: =G67+H67+J67 -> #REF!
A68: 61200 | B68: 61220 | D68: =VLOOKUP(A68,正社員!$P$39:$Q$195,2,FALSE) -> 生産技術部工機（羽生） | E68: =COUNTIFS(正社員!$P$38:$P$195,A68) -> 3 | F68: =COUNTIF(正社員!$P$200:$P$226,A68) -> 1 | G68: =E68+F68 -> 4 | H68: =COUNTIF(#REF!,B68) -> #REF! | K68: =G68+H68+J68 -> #REF!
D69: 生産技術部 | E69: =SUM(E63:E68) -> 37 | F69: =SUM(F63:F68) -> 4 | G69: =SUM(G63:G68) -> 41 | H69: =SUM(H63:H68) -> #REF! | I69: =SUM(I63:I68) -> 0 | J69: =SUM(J63:J68) -> 0 | K69: =SUM(K63:K68) -> #REF!
E70: =E6+E7+E8+E9+E10+E11+E14+E18+E19+E33+E50+E56+E62+E69 -> 389 | F70: =F6+F7+F8+F9+F10+F11+F14+F18+F19+F33+F50+F56+F62+F69 -> 42 | G70: =G6+G7+G8+G9+G10+G11+G14+G18+G19+G33+G50+G56+G62+G69 -> 431 | H70: =H6+H7+H8+H9+H10+H11+H14+H18+H19+H33+H50+H56+H62+H69 -> #REF! | I70: =I6+I7+I8+I9+I10+I11+I14+I18+I19+I33+I50+I56+I62+I69 -> 0 | J70: =J6+J7+J8+J9+J10+J11+J14+J18+J19+J33+J50+J56+J62+J69 -> 0 | K70: =K6+K7+K8+K9+K10+K11+K14+K18+K19+K33+K50+K56+K62+K69 -> #REF!

Sheet 参考
E1: 理事、役員、顧問、海外出向者は除く
D3: 2021年7月1日従業員人数
A4: 部署コード | D4: 部署名 | E4: 正社員 | G4: 計 | H4: パ・嘱 | I4: 合計 | J4: 委託 | K4: 総合計
E5: M | F5: L
A6: 200 | B6: 202 | D6: =VLOOKUP(A6,正社員!$P$3:$Q$20,2,FALSE) -> #N/A | E6: =COUNTIF(参考1男性!$C$5:$P$367,A6) -> 0 | F6: =COUNTIF(参考2女性!$C$5:$Q$52,A6) -> 0 | G6: =E6+F6 -> 0 | H6: =COUNTIF(参考3パート嘱託!$C$4:$Q$69,B6) -> 0 | I6: =SUM(G6:H6) -> 0 | K6: =G6+H6+J6 -> 0
A7: 210 | B7: 211 | D7: =VLOOKUP(A7,正社員!$P$3:$Q$20,2,FALSE) -> #N/A | E7: =COUNTIF(参考1男性!$C$5:$P$367,A7) -> 0 | F7: =COUNTIF(参考2女性!$C$5:$Q$52,A7) -> 0 | G7: =E7+F7 -> 0 | H7: =COUNTIF(参考3パート嘱託!$C$4:$Q$69,B7) -> 0 | I7: =SUM(G7:H7) -> 0 | K7: =G7+H7+J7 -> 0
A8: 10000 | B8: 10020 | D8: =VLOOKUP(A8,正社員!$P$3:$Q$20,2,FALSE) -> 営業部 | E8: =COUNTIF(参考1男性!$C$5:$P$367,A8) -> 7 | F8: =COUNTIF(参考2女性!$C$5:$Q$52,A8) -> 4 | G8: =E8+F8 -> 11 | H8: =COUNTIF(参考3パート嘱託!$C$4:$Q$69,B8) -> 1 | I8: =SUM(G8:H8) -> 12 | K8: =G8+H8+J8 -> 12
A9: 11000 | B9: 11020 | D9: =VLOOKUP(A9,正社員!$P$3:$Q$20,2,FALSE) -> #N/A | E9: =COUNTIF(参考1男性!$C$5:$P$367,A9) -> 0 | F9: =COUNTIF(参考2女性!$C$5:$Q$52,A9) -> 0 | G9: =E9+F9 -> 0 | H9: =COUNTIF(参考3パート嘱託!$C$4:$Q$69,B9) -> 0 | I9: =SUM(G9:H9) -> 0 | K9: =G9+H9+J9 -> 0
A10: 90000 | B10: 90020 | D10: =VLOOKUP(A10,正社員!$P$39:$Q$195,2,FALSE) -> 資材部 | E10: =COUNTIF(参考1男性!$C$5:$P$367,A10) -> 0 | F10: =COUNTIF(参考2女性!$C$5:$Q$52,A10) -> 0 | G10: =E10+F10 -> 0 | H10: =COUNTIF(参考3パート嘱託!$C$4:$Q$69,B10) -> 0 | I10: =SUM(G10:H10) -> 0 | K10: =G10+H10+J10 -> 0
A11: 3000 | B11: 3020 | D11: 経営管理部 | E11: =COUNTIF(参考1男性!$C$5:$P$367,A11) -> 2 | F11: =COUNTIF(参考2女性!$C$5:$Q$52,A11) -> 2 | G11: =E11+F11 -> 4 | H11: =COUNTIF(参考3パート嘱託!$C$4:$Q$69,B11) -> 1 | I11: =SUM(G11:H11) -> 5 | K11: =G11+H11+J11 -> 5
A12: 1000 | B12: 1020 | D12: =VLOOKUP(A12,正社員!$P$3:$Q$20,2,FALSE) -> 総務部 | E12: =COUNTIF(参考1男性!$C$5:$P$367,A12) -> 5 | F12: =COUNTIF(参考2女性!$C$5:$Q$52,A12) -> 1 | G12: =E12+F12 -> 6 | H12: =COUNTIF(参考3パート嘱託!$C$4:$Q$69,B12) -> 1 | I12: =SUM(G12:H12) -> 7 | K12: =G12+H12+J12 -> 7
A13: 1100 | B13: 1120 | D13: =VLOOKUP(A13,正社員!$P$3:$Q$20,2,FALSE) -> 総務部羽生総務課 | E13: =COUNTIF(参考1男性!$C$5:$P$367,A13) -> 1 | F13: =COUNTIF(参考2女性!$C$5:$Q$52,A13) -> 1 | G13: =E13+F13 -> 2 | H13: =COUNTIF(参考3パート嘱託!$C$4:$Q$69,B13) -> 1 | I13: =SUM(G13:H13) -> 3 | K13: =G13+H13+J13 -> 3
D14: 総務部計 | E14: =SUM(E12:E13) -> 6 | F14: =SUM(F12:F13) -> 2 | G14: =SUM(G12:G13) -> 8 | H14: =SUM(H12:H13) -> 2 | I14: =SUM(I12:I13) -> 10 | J14: =SUM(J12:J13) -> 0 | K14: =SUM(K12:K13) -> 10
A15: 50000 | B15: 50020 | D15: =VLOOKUP(A15,正社員!$P$39:$Q$195,2,FALSE) -> 品質保証部検査課 | E15: =COUNTIF(参考1男性!$C$5:$P$367,A15) -> 3 | F15: =COUNTIF(参考2女性!$C$5:$Q$52,A15) -> 2 | G15: =E15+F15 -> 5 | H15: =COUNTIF(参考3パート嘱託!$C$4:$Q$69,B15) -> 0 | I15: =SUM(G15:H15) -> 5 | K15: =G15+H15+J15 -> 5
A16: 51000 | B16: 51020 | D16: =VLOOKUP(A16,正社員!$P$39:$Q$195,2,FALSE) -> 品質保証部品質管理課 | E16: =COUNTIF(参考1男性!$C$5:$P$367,A16) -> 6 | F16: =COUNTIF(参考2女性!$C$5:$Q$52,A16) -> 0 | G16: =E16+F16 -> 6 | H16: =COUNTIF(参考3パート嘱託!$C$4:$Q$69,B16) -> 0 | I16: =SUM(G16:H16) -> 6 | K16: =G16+H16+J16 -> 6
A17: 63000 | B17: 63020 | D17: =VLOOKUP(A17,正社員!$P$39:$Q$195,2,FALSE) -> 品質保証部（羽生） | E17: =COUNTIF(参考1男性!$C$5:$P$367,A17) -> 9 | F17: =COUNTIF(参考2女性!$C$5:$Q$52,A17) -> 1 | G17: =E17+F17 -> 10 | H17: =COUNTIF(参考3パート嘱託!$C$4:$Q$69,B17) -> 0 | I17: =SUM(G17:H17) -> 10 | K17: =G17+H17+J17 -> 10
D18: 品質保証部計 | E18: =SUM(E15:E17) -> 18 | F18: =SUM(F15:F17) -> 3 | G18: =SUM(G15:G17) -> 21 | H18: =SUM(H15:H17) -> 0 | I18: =SUM(I15:I17) -> 21 | J18: =SUM(J15:J17) -> 0 | K18: =SUM(K15:K17) -> 21
A19: 80000 | B19: 80020 | D19: =VLOOKUP(A19,正社員!$P$39:$Q$195,2,FALSE) -> ＮＥＬ | E19: =COUNTIF(参考1男性!$C$5:$P$367,A19) -> 34 | F19: =COUNTIF(参考2女性!$C$5:$Q$52,A19) -> 3 | G19: =E19+F19 -> 37 | H19: =COUNTIF(参考3パート嘱託!$C$4:$Q$69,B19) -> 0 | I19: =SUM(G19:H19) -> 37 | K19: =G19+H19+J19 -> 37
A20: 41111 | B20: 41121 | C20: １課 | D20: =VLOOKUP(A20,正社員!$P$234:$Q$460,2,FALSE) -> 本社工場ＮＣ | E20: =COUNTIF(参考1男性!$C$5:$P$367,A20) -> 8 | F20: =COUNTIF(参考2女性!$C$5:$Q$52,A20) -> 0 | G20: =E20+F20 -> 8 | H20: =COUNTIF(参考3パート嘱託!$C$4:$Q$69,B20) -> 3 | I20: =SUM(G20:H20) -> 11 | K20: =G20+H20+J20 -> 11
A21: 43011 | B21: 43021 | D21: =VLOOKUP(A21,正社員!$P$234:$Q$460,2,FALSE) -> 本社工場ＴＰ | E21: =COUNTIF(参考1男性!$C$5:$P$367,A21) -> 17 | F21: =COUNTIF(参考2女性!$C$5:$Q$52,A21) -> 0 | G21: =E21+F21 -> 17 | H21: =COUNTIF(参考3パート嘱託!$C$4:$Q$69,B21) -> 2 | I21: =SUM(G21:H21) -> 19 | K21: =G21+H21+J21 -> 19
A22: 41011 | B22: 41021 | D22: =VLOOKUP(A22,正社員!$P$234:$Q$460,2,FALSE) -> 本社工場ＨＹ | E22: =COUNTIF(参考1男性!$C$5:$P$367,A22) -> 21 | F22: =COUNTIF(参考2女性!$C$5:$Q$52,A22) -> 0 | G22: =E22+F22 -> 21 | H22: =COUNTIF(参考3パート嘱託!$C$4:$Q$69,B22) -> 3 | I22: =SUM(G22:H22) -> 24 | K22: =G22+H22+J22 -> 24
A23: 42111 | B23: 42121 | C23: ２課 | D23: =VLOOKUP(A23,正社員!$P$234:$Q$460,2,FALSE) -> 本社工場組立第１ | E23: =COUNTIF(参考1男性!$C$5:$P$367,A23) -> 14 | F23: =COUNTIF(参考2女性!$C$5:$Q$52,A23) -> 1 | G23: =E23+F23 -> 15 | H23: =COUNTIF(参考3パート嘱託!$C$4:$Q$69,B23) -> 3 | I23: =SUM(G23:H23) -> 18 | K23: =G23+H23+J23 -> 18
A24: 42411 | B24: 42421 | D24: =VLOOKUP(A24,正社員!$P$234:$Q$460,2,FALSE) -> 本社工場組立第２ | E24: =COUNTIF(参考1男性!$C$5:$P$367,A24) -> 0 | F24: =COUNTIF(参考2女性!$C$5:$Q$52,A24) -> 0 | G24: =E24+F24 -> 0 | H24: =COUNTIF(参考3パート嘱託!$C$4:$Q$69,B24) -> 0 | I24: =SUM(G24:H24) -> 0 | K24: =G24+H24+J24 -> 0
A25: 42211 | B25: 42221 | D25: =VLOOKUP(A25,正社員!$P$234:$Q$460,2,FALSE) -> 本社工場ＡＣ研磨 | E25: =COUNTIF(参考1男性!$C$5:$P$367,A25) -> 11 | F25: =COUNTIF(参考2女性!$C$5:$Q$52,A25) -> 0 | G25: =E25+F25 -> 11 | H25: =COUNTIF(参考3パート嘱託!$C$4:$Q$69,B25) -> 1 | I25: =SUM(G25:H25) -> 12 | K25: =G25+H25+J25 -> 12
A26: 42011 | B26: 42021 | D26: =VLOOKUP(A26,正社員!$P$234:$Q$460,2,FALSE) -> 本社工場機械第１ | E26: =COUNTIF(参考1男性!$C$5:$P$367,A26) -> 10 | F26: =COUNTIF(参考2女性!$C$5:$Q$52,A26) -> 0 | G26: =E26+F26 -> 10 | H26: =COUNTIF(参考3パート嘱託!$C$4:$Q$69,B26) -> 1 | I26: =SUM(G26:H26) -> 11 | K26: =G26+H26+J26 -> 11
A27: 42311 | B27: 42321 | D27: =VLOOKUP(A27,正社員!$P$234:$Q$460,2,FALSE) -> 本社工場機械第２ | E27: =COUNTIF(参考1男性!$C$5:$P$367,A27) -> 6 | F27: =COUNTIF(参考2女性!$C$5:$Q$52,A27) -> 0 | G27: =E27+F27 -> 6 | H27: =COUNTIF(参考3パート嘱託!$C$4:$Q$69,B27) -> 0 | I27: =SUM(G27:H27) -> 6 | K27: =G27+H27+J27 -> 6
A28: 43211 | B28: 43221 | C28: ３課 | D28: =VLOOKUP(A28,正社員!$P$234:$Q$460,2,FALSE) -> 本社工場ＢＶ | E28: =COUNTIF(参考1男性!$C$5:$P$367,A28) -> 8 | F28: =COUNTIF(参考2女性!$C$5:$Q$52,A28) -> 6 | G28: =E28+F28 -> 14 | H28: =COUNTIF(参考3パート嘱託!$C$4:$Q$69,B28) -> 2 | I28: =SUM(G28:H28) -> 16 | K28: =G28+H28+J28 -> 16
A29: 43311 | B29: 43321 | D29: =VLOOKUP(A29,正社員!$P$234:$Q$460,2,FALSE) -> 本社工場ＳＰ | E29: =COUNTIF(参考1男性!$C$5:$P$367,A29) -> 3 | F29: =COUNTIF(参考2女性!$C$5:$Q$52,A29) -> 0 | G29: =E29+F29 -> 3 | H29: =COUNTIF(参考3パート嘱託!$C$4:$Q$69,B29) -> 2 | I29: =SUM(G29:H29) -> 5 | K29: =G29+H29+J29 -> 5
A30: 41200 | B30: 41220 | D30: =VLOOKUP(A30,正社員!$P$39:$Q$195,2,FALSE) -> 本社工場構内物流 | E30: =COUNTIF(参考1男性!$C$5:$P$367,A30) -> 8 | F30: =COUNTIF(参考2女性!$C$5:$Q$52,A30) -> 0 | G30: =E30+F30 -> 8 | H30: =COUNTIF(参考3パート嘱託!$C$4:$Q$69,B30) -> 2 | I30: =SUM(G30:H30) -> 10 | K30: =G30+H30+J30 -> 10
A31: 40400 | B31: 40420 | D31: =VLOOKUP(A31,正社員!$P$39:$Q$195,2,FALSE) -> 本社工場改善 | E31: =COUNTIF(参考1男性!$C$5:$P$367,A31) -> 3 | F31: =COUNTIF(参考2女性!$C$5:$Q$52,A31) -> 0 | G31: =E31+F31 -> 3 | H31: =COUNTIF(参考3パート嘱託!$C$4:$Q$69,B31) -> 1 | I31: =SUM(G31:H31) -> 4 | K31: =G31+H31+J31 -> 4
A32: 40000 | B32: 40020 | D32: =VLOOKUP(A32,正社員!$P$39:$Q$195,2,FALSE) -> 本社工場工場管理課 | E32: =COUNTIF(参考1男性!$C$5:$P$367,A32) -> 6 | F32: =COUNTIF(参考2女性!$C$5:$Q$52,A32) -> 1 | G32: =E32+F32 -> 7 | H32: =COUNTIF(参考3パート嘱託!$C$4:$Q$69,B32) -> 0 | I32: =SUM(G32:H32) -> 7 | K32: =G32+H32+J32 -> 7
D33: 本社工場 | E33: =SUM(E20:E32) -> 115 | F33: =SUM(F20:F32) -> 8 | G33: =SUM(G20:G32) -> 123 | H33: =SUM(H20:H32) -> 20 | I33: =SUM(I20:I32) -> 143 | J33: =SUM(J20:J32) -> 0 | K33: =SUM(K20:K32) -> 143
A34: 67211 | B34: 67221 | C34: １課 | D34: =VLOOKUP(A34,正社員!$P$234:$Q$460,2,FALSE) -> 羽生工場ＮＣ | E34: =COUNTIF(参考1男性!$C$5:$P$367,A34) -> 6 | F34: =COUNTIF(参考2女性!$C$5:$Q$52,A34) -> 0 | G34: =E34+F34 -> 6 | H34: =COUNTIF(参考3パート嘱託!$C$4:$Q$69,B34) -> 2 | I34: =SUM(G34:H34) -> 8 | K34: =G34+H34+J34 -> 8
A35: 68011 | B35: 68021 | D35: =VLOOKUP(A35,正社員!$P$234:$Q$460,2,FALSE) -> 羽生工場ＣＢ | E35: =COUNTIF(参考1男性!$C$5:$P$367,A35) -> 2 | F35: =COUNTIF(参考2女性!$C$5:$Q$52,A35) -> 0 | G35: =E35+F35 -> 2 | H35: =COUNTIF(参考3パート嘱託!$C$4:$Q$69,B35) -> 1 | I35: =SUM(G35:H35) -> 3 | K35: =G35+H35+J35 -> 3
A36: 69211 | B36: 69221 | D36: =VLOOKUP(A36,正社員!$P$234:$Q$460,2,FALSE) -> 羽生工場ＢＰＶ | E36: =COUNTIF(参考1男性!$C$5:$P$367,A36) -> 2 | F36: =COUNTIF(参考2女性!$C$5:$Q$52,A36) -> 0 | G36: =E36+F36 -> 2 | H36: =COUNTIF(参考3パート嘱託!$C$4:$Q$69,B36) -> 1 | I36: =SUM(G36:H36) -> 3 | K36: =G36+H36+J36 -> 3
A37: 69111 | B37: 69121 | D37: =VLOOKUP(A37,正社員!$P$234:$Q$460,2,FALSE) -> 羽生工場ＥＧＲ | E37: =COUNTIF(参考1男性!$C$5:$P$367,A37) -> 1 | F37: =COUNTIF(参考2女性!$C$5:$Q$52,A37) -> 0 | G37: =E37+F37 -> 1 | H37: =COUNTIF(参考3パート嘱託!$C$4:$Q$69,B37) -> 0 | I37: =SUM(G37:H37) -> 1 | K37: =G37+H37+J37 -> 1
A38: 64011 | B38: 64021 | C38: ２課 | D38: =VLOOKUP(A38,正社員!$P$234:$Q$460,2,FALSE) -> 羽生工場ＢＣ | E38: =COUNTIF(参考1男性!$C$5:$P$367,A38) -> 6 | F38: =COUNTIF(参考2女性!$C$5:$Q$52,A38) -> 0 | G38: =E38+F38 -> 6 | H38: =COUNTIF(参考3パート嘱託!$C$4:$Q$69,B38) -> 2 | I38: =SUM(G38:H38) -> 8 | K38: =G38+H38+J38 -> 8
A39: 64111 | B39: 64121 | D39: =VLOOKUP(A39,正社員!$P$234:$Q$460,2,FALSE) -> 羽生工場ＢＢ | E39: =COUNTIF(参考1男性!$C$5:$P$367,A39) -> 2 | F39: =COUNTIF(参考2女性!$C$5:$Q$52,A39) -> 1 | G39: =E39+F39 -> 3 | H39: =COUNTIF(参考3パート嘱託!$C$4:$Q$69,B39) -> 0 | I39: =SUM(G39:H39) -> 3 | K39: =G39+H39+J39 -> 3
A40: 64211 | B40: 64221 | D40: =VLOOKUP(A40,正社員!$P$234:$Q$460,2,FALSE) -> 羽生工場ＡＳ | E40: =COUNTIF(参考1男性!$C$5:$P$367,A40) -> 1 | F40: =COUNTIF(参考2女性!$C$5:$Q$52,A40) -> 0 | G40: =E40+F40 -> 1 | H40: =COUNTIF(参考3パート嘱託!$C$4:$Q$69,B40) -> 0 | I40: =SUM(G40:H40) -> 1 | K40: =G40+H40+J40 -> 1
A41: 67011 | B41: 67021 | D41: =VLOOKUP(A41,正社員!$P$234:$Q$460,2,FALSE) -> 羽生工場プレス | E41: =COUNTIF(参考1男性!$C$5:$P$367,A41) -> 10 | F41: =COUNTIF(参考2女性!$C$5:$Q$52,A41) -> 0 | G41: =E41+F41 -> 10 | H41: =COUNTIF(参考3パート嘱託!$C$4:$Q$69,B41) -> 1 | I41: =SUM(G41:H41) -> 11 | K41: =G41+H41+J41 -> 11
A42: 68111 | B42: 68121 | D42: =VLOOKUP(A42,正社員!$P$234:$Q$460,2,FALSE) -> 羽生工場ＰＳＨ | E42: =COUNTIF(参考1男性!$C$5:$P$367,A42) -> 3 | F42: =COUNTIF(参考2女性!$C$5:$Q$52,A42) -> 1 | G42: =E42+F42 -> 4 | H42: =COUNTIF(参考3パート嘱託!$C$4:$Q$69,B42) -> 0 | I42: =SUM(G42:H42) -> 4 | K42: =G42+H42+J42 -> 4
A43: 64311 | B43: 64321 | D43: =VLOOKUP(A43,正社員!$P$234:$Q$460,2,FALSE) -> 羽生工場ＭＳＵ | E43: =COUNTIF(参考1男性!$C$5:$P$367,A43) -> 1 | F43: =COUNTIF(参考2女性!$C$5:$Q$52,A43) -> 1 | G43: =E43+F43 -> 2 | H43: =COUNTIF(参考3パート嘱託!$C$4:$Q$69,B43) -> 0 | I43: =SUM(G43:H43) -> 2 | K43: =G43+H43+J43 -> 2
A44: 69011 | B44: 69021 | C44: ３課 | D44: =VLOOKUP(A44,正社員!$P$234:$Q$460,2,FALSE) -> 羽生工場ＴＣ | E44: =COUNTIF(参考1男性!$C$5:$P$367,A44) -> 21 | F44: =COUNTIF(参考2女性!$C$5:$Q$52,A44) -> 1 | G44: =E44+F44 -> 22 | H44: =COUNTIF(参考3パート嘱託!$C$4:$Q$69,B44) -> 2 | I44: =SUM(G44:H44) -> 24 | K44: =G44+H44+J44 -> 24
A45: 60300 | B45: 60320 | D45: =VLOOKUP(A45,正社員!$P$39:$Q$195,2,FALSE) -> 羽生工場構内物流 | E45: =COUNTIF(参考1男性!$C$5:$P$367,A45) -> 8 | F45: =COUNTIF(参考2女性!$C$5:$Q$52,A45) -> 0 | G45: =E45+F45 -> 8 | H45: =COUNTIF(参考3パート嘱託!$C$4:$Q$69,B45) -> 1 | I45: =SUM(G45:H45) -> 9 | K45: =G45+H45+J45 -> 9
A46: 60411 | B46: 60421 | D46: =VLOOKUP(A46,正社員!$P$234:$Q$460,2,FALSE) -> 羽生工場構内ＳＰ | E46: =COUNTIF(参考1男性!$C$5:$P$367,A46) -> 2 | F46: =COUNTIF(参考2女性!$C$5:$Q$52,A46) -> 1 | G46: =E46+F46 -> 3 | H46: =COUNTIF(参考3パート嘱託!$C$4:$Q$69,B46) -> 2 | I46: =SUM(G46:H46) -> 5 | K46: =G46+H46+J46 -> 5
A47: 65011 | B47: 65021 | C47: ４課 | D47: =VLOOKUP(A47,正社員!$P$234:$Q$460,2,FALSE) -> 羽生工場ＶＰ－１ | E47: =COUNTIF(参考1男性!$C$5:$P$367,A47) -> 11 | F47: =COUNTIF(参考2女性!$C$5:$Q$52,A47) -> 1 | G47: =E47+F47 -> 12 | H47: =COUNTIF(参考3パート嘱託!$C$4:$Q$69,B47) -> 3 | I47: =SUM(G47:H47) -> 15 | K47: =G47+H47+J47 -> 15
A48: 66011 | B48: 66021 | D48: =VLOOKUP(A48,正社員!$P$234:$Q$460,2,FALSE) -> 羽生工場ＶＰ－２ | E48: =COUNTIF(参考1男性!$C$5:$P$367,A48) -> 10 | F48: =COUNTIF(参考2女性!$C$5:$Q$52,A48) -> 3 | G48: =E48+F48 -> 13 | H48: =COUNTIF(参考3パート嘱託!$C$4:$Q$69,B48) -> 2 | I48: =SUM(G48:H48) -> 15 | K48: =G48+H48+J48 -> 15
A49: 61300 | B49: 61320 | D49: =VLOOKUP(A49,正社員!$P$39:$Q$195,2,FALSE) -> 羽生工場工場管理課 | E49: =COUNTIF(参考1男性!$C$5:$P$367,A49) -> 7 | F49: =COUNTIF(参考2女性!$C$5:$Q$52,A49) -> 1 | G49: =E49+F49 -> 8 | H49: =COUNTIF(参考3パート嘱託!$C$4:$Q$69,B49) -> 1 | I49: =SUM(G49:H49) -> 9 | K49: =G49+H49+J49 -> 9
D50: 羽生工場 | E50: =SUM(E34:E49) -> 93 | F50: =SUM(F34:F49) -> 10 | G50: =SUM(G34:G49) -> 103 | H50: =SUM(H34:H49) -> 18 | I50: =SUM(I34:I49) -> 121 | J50: =SUM(J34:J49) -> 0 | K50: =SUM(K34:K49) -> 121
A51: 44011 | B51: 44021 | C51: １課 | D51: =VLOOKUP(A51,正社員!$P$234:$Q$460,2,FALSE) -> 川越第二工場１係 | E51: =COUNTIF(参考1男性!$C$5:$P$367,A51) -> 2 | F51: =COUNTIF(参考2女性!$C$5:$Q$52,A51) -> 0 | G51: =E51+F51 -> 2 | H51: =COUNTIF(参考3パート嘱託!$C$4:$Q$69,B51) -> 0 | I51: =SUM(G51:H51) -> 2 | K51: =G51+H51+J51 -> 2
A52: 44111 | B52: 44121 | D52: =VLOOKUP(A52,正社員!$P$234:$Q$460,2,FALSE) -> 川越第二工場２係 | E52: =COUNTIF(参考1男性!$C$5:$P$367,A52) -> 4 | F52: =COUNTIF(参考2女性!$C$5:$Q$52,A52) -> 0 | G52: =E52+F52 -> 4 | H52: =COUNTIF(参考3パート嘱託!$C$4:$Q$69,B52) -> 1 | I52: =SUM(G52:H52) -> 5 | K52: =G52+H52+J52 -> 5
A53: 44511 | B53: 44521 | D53: =VLOOKUP(A53,正社員!$P$234:$Q$460,2,FALSE) -> 川越第二工場５係 | E53: =COUNTIF(参考1男性!$C$5:$P$367,A53) -> 4 | F53: =COUNTIF(参考2女性!$C$5:$Q$52,A53) -> 0 | G53: =E53+F53 -> 4 | H53: =COUNTIF(参考3パート嘱託!$C$4:$Q$69,B53) -> 2 | I53: =SUM(G53:H53) -> 6 | K53: =G53+H53+J53 -> 6
A54: 45111 | B54: 45121 | D54: =VLOOKUP(A54,正社員!$P$234:$Q$460,2,FALSE) -> 川越第二工場鋳造部門 | E54: =COUNTIF(参考1男性!$C$5:$P$367,A54) -> 15 | F54: =COUNTIF(参考2女性!$C$5:$Q$52,A54) -> 0 | G54: =E54+F54 -> 15 | H54: =COUNTIF(参考3パート嘱託!$C$4:$Q$69,B54) -> 1 | I54: =SUM(G54:H54) -> 16 | K54: =G54+H54+J54 -> 16
A55: 44200 | B55: 44220 | C55: ２課 | D55: =VLOOKUP(A55,正社員!$P$39:$Q$195,2,FALSE) -> 川越第二工場管理 | E55: =COUNTIF(参考1男性!$C$5:$P$367,A55) -> 5 | F55: =COUNTIF(参考2女性!$C$5:$Q$52,A55) -> 2 | G55: =E55+F55 -> 7 | H55: =COUNTIF(参考3パート嘱託!$C$4:$Q$69,B55) -> 2 | I55: =SUM(G55:H55) -> 9 | K55: =G55+H55+J55 -> 9
D56: 川越第二工場 | E56: =SUM(E51:E55) -> 30 | F56: =SUM(F51:F55) -> 2 | G56: =SUM(G51:G55) -> 32 | H56: =SUM(H51:H55) -> 6 | I56: =SUM(I51:I55) -> 38 | J56: =SUM(J51:J55) -> 0 | K56: =SUM(K51:K55) -> 38
A57: 20000 | B57: 20020 | D57: =VLOOKUP(A57,正社員!$P$39:$Q$195,2,FALSE) -> 生産管理部製品管理課 | E57: =COUNTIF(参考1男性!$C$5:$P$367,A57) -> 2 | F57: =COUNTIF(参考2女性!$C$5:$Q$52,A57) -> 1 | G57: =E57+F57 -> 3 | H57: =COUNTIF(参考3パート嘱託!$C$4:$Q$69,B57) -> 0 | I57: =SUM(G57:H57) -> 3 | K57: =G57+H57+J57 -> 3
A58: 21000 | B58: 21020 | D58: 生産管理部調達課 | E58: =COUNTIF(参考1男性!$C$5:$P$367,A58) -> 3 | F58: =COUNTIF(参考2女性!$C$5:$Q$52,A58) -> 1 | G58: =E58+F58 -> 4 | H58: =COUNTIF(参考3パート嘱託!$C$4:$Q$69,B58) -> 0 | I58: =SUM(G58:H58) -> 4 | K58: =G58+H58+J58 -> 4
A59: 22000 | B59: 22020 | D59: =VLOOKUP(A59,正社員!$P$39:$Q$195,2,FALSE) -> 生産管理部ＩＴ管理課 | E59: =COUNTIF(参考1男性!$C$5:$P$367,A59) -> 4 | F59: =COUNTIF(参考2女性!$C$5:$Q$52,A59) -> 2 | G59: =E59+F59 -> 6 | H59: =COUNTIF(参考3パート嘱託!$C$4:$Q$69,B59) -> 0 | I59: =SUM(G59:H59) -> 6 | K59: =G59+H59+J59 -> 6
A60: 60000 | B60: 60020 | D60: =VLOOKUP(A60,正社員!$P$39:$Q$195,2,FALSE) -> 生産管理部製品管理課(羽生) | E60: =COUNTIF(参考1男性!$C$5:$P$367,A60) -> 2 | F60: =COUNTIF(参考2女性!$C$5:$Q$52,A60) -> 2 | G60: =E60+F60 -> 4 | H60: =COUNTIF(参考3パート嘱託!$C$4:$Q$69,B60) -> 1 | I60: =SUM(G60:H60) -> 5 | K60: =G60+H60+J60 -> 5
A61: 60100 | B61: 60120 | D61: 生産管理部調達課(羽生) | E61: =COUNTIF(参考1男性!$C$5:$P$367,A61) -> 1 | F61: =COUNTIF(参考2女性!$C$5:$Q$52,A61) -> 2 | G61: =E61+F61 -> 3 | H61: =COUNTIF(参考3パート嘱託!$C$4:$Q$69,B61) -> 0 | I61: =SUM(G61:H61) -> 3 | K61: =G61+H61+J61 -> 3
A62: 60200 | B62: 60220 | D62: =VLOOKUP(A62,正社員!$P$39:$Q$195,2,FALSE) -> 生産管理部ＩＴ管理課(羽生) | E62: =COUNTIF(参考1男性!$C$5:$P$367,A62) -> 1 | F62: =COUNTIF(参考2女性!$C$5:$Q$52,A62) -> 1 | G62: =E62+F62 -> 2 | H62: =COUNTIF(#REF!,B62) -> #REF! | I62: =SUM(G62:H62) -> #REF! | K62: =G62+H62+J62 -> #REF!
D63: 生産管理部 | E63: =SUM(E57:E62) -> 13 | F63: =SUM(F57:F62) -> 9 | G63: =SUM(G57:G62) -> 22 | H63: =SUM(H57:H62) -> #REF! | I63: =SUM(I57:I62) -> #REF! | J63: =SUM(J57:J62) -> 0 | K63: =SUM(K57:K62) -> #REF!
A64: 30000 | B64: 30020 | D64: =VLOOKUP(A64,正社員!$P$39:$Q$195,2,FALSE) -> 生産技術部１課 | E64: =COUNTIF(参考1男性!$C$5:$P$367,A64) -> 13 | F64: =COUNTIF(参考2女性!$C$5:$Q$52,A64) -> 0 | G64: =E64+F64 -> 13 | H64: =COUNTIF(参考3パート嘱託!$C$4:$Q$69,B64) -> 2 | I64: =SUM(G64:H64) -> 15 | K64: =G64+H64+J64 -> 15
A65: 31000 | B65: 31020 | D65: =VLOOKUP(A65,正社員!$P$39:$Q$195,2,FALSE) -> 生産技術部２課工機係 | E65: =COUNTIF(参考1男性!$C$5:$P$367,A65) -> 8 | F65: =COUNTIF(参考2女性!$C$5:$Q$52,A65) -> 1 | G65: =E65+F65 -> 9 | H65: =COUNTIF(参考3パート嘱託!$C$4:$Q$69,B65) -> 0 | I65: =SUM(G65:H65) -> 9 | K65: =G65+H65+J65 -> 9
A66: 32000 | B66: 32020 | D66: =VLOOKUP(A66,正社員!$P$39:$Q$195,2,FALSE) -> 生産技術部２課試作係 | E66: =COUNTIF(参考1男性!$C$5:$P$367,A66) -> 2 | F66: =COUNTIF(参考2女性!$C$5:$Q$52,A66) -> 0 | G66: =E66+F66 -> 2 | H66: =COUNTIF(参考3パート嘱託!$C$4:$Q$69,B66) -> 0 | I66: =SUM(G66:H66) -> 2 | K66: =G66+H66+J66 -> 2
A67: 33000 | B67: 33020 | D67: =VLOOKUP(A67,正社員!$P$39:$Q$195,2,FALSE) -> 生産技術部２課保全係 | E67: =COUNTIF(参考1男性!$C$5:$P$367,A67) -> 1 | F67: =COUNTIF(参考2女性!$C$5:$Q$52,A67) -> 0 | G67: =E67+F67 -> 1 | H67: =COUNTIF(参考3パート嘱託!$C$4:$Q$69,B67) -> 0 | I67: =SUM(G67:H67) -> 1 | K67: =G67+H67+J67 -> 1
A68: 61000 | B68: 61020 | D68: =VLOOKUP(A68,正社員!$P$39:$Q$195,2,FALSE) -> 生産技術部（羽生） | E68: =COUNTIF(参考1男性!$C$5:$P$367,A68) -> 10 | F68: =COUNTIF(参考2女性!$C$5:$Q$52,A68) -> 1 | G68: =E68+F68 -> 11 | H68: =COUNTIF(参考3パート嘱託!$C$4:$Q$69,B68) -> 1 | I68: =SUM(G68:H68) -> 12 | K68: =G68+H68+J68 -> 12
A69: 61200 | B69: 61220 | D69: =VLOOKUP(A69,正社員!$P$39:$Q$195,2,FALSE) -> 生産技術部工機（羽生） | E69: =COUNTIF(参考1男性!$C$5:$P$367,A69) -> 4 | F69: =COUNTIF(参考2女性!$C$5:$Q$52,A69) -> 1 | G69: =E69+F69 -> 5 | H69: =COUNTIF(参考3パート嘱託!$C$4:$Q$69,B69) -> 2 | I69: =SUM(G69:H69) -> 7 | K69: =G69+H69+J69 -> 7
D70: 生産技術部 | E70: =SUM(E64:E69) -> 38 | F70: =SUM(F64:F69) -> 3 | G70: =SUM(G64:G69) -> 41 | H70: =SUM(H64:H69) -> 5 | I70: =SUM(I64:I69) -> 46 | J70: =SUM(J64:J69) -> 0 | K70: =SUM(K64:K69) -> 46
D71: 全社合計 | E71: =E6+E7+E8+E9+E10+E11+E14+E18+E19+E33+E50+E56+E63+E70 -> 356 | F71: =F6+F7+F8+F9+F10+F11+F14+F18+F19+F33+F50+F56+F63+F70 -> 46 | G71: =G6+G7+G8+G9+G10+G11+G14+G18+G19+G33+G50+G56+G63+G70 -> 402 | H71: =H6+H7+H8+H9+H10+H11+H14+H18+H19+H33+H50+H56+H63+H70 -> #REF! | I71: =I6+I7+I8+I9+I10+I11+I14+I18+I19+I33+I50+I56+I63+I70 -> #REF! | J71: =J6+J7+J8+J9+J10+J11+J14+J18+J19+J33+J50+J56+J63+J70 -> 0 | K71: =K6+K7+K8+K9+K10+K11+K14+K18+K19+K33+K50+K56+K63+K70 -> #REF!

Sheet Sheet3
A1: コード | B1: 名
A2: 34020 | B2: 生産支援室

Sheet 202408
D3: 2021年11月1日従業員人数
A4: 部署コード | D4: 部署名 | E4: 正社員 | G4: 計 | H4: パ・嘱 | I4: 合計 | J4: 委託 研修生 シルバー | K4: 総合計
E5: M | F5: ｆ
A6: 200 | B6: 202 | D6: =VLOOKUP(A6,正社員!$P$3:$Q$20,2,FALSE) -> #N/A | E6: =COUNTIF(参考1男性!$C$5:$P$367,A6) -> 0 | F6: =COUNTIF(参考2女性!$C$5:$Q$52,A6) -> 0 | G6: =E6+F6 -> 0 | H6: =COUNTIF(参考3パート嘱託!$C$4:$Q$69,B6) -> 0 | I6: =SUM(G6:H6) -> 0 | K6: =G6+H6+J6 -> 0
A7: 210 | B7: 211 | D7: =VLOOKUP(A7,正社員!$P$3:$Q$20,2,FALSE) -> #N/A | E7: =COUNTIF(参考1男性!$C$5:$P$367,A7) -> 0 | F7: =COUNTIF(参考2女性!$C$5:$Q$52,A7) -> 0 | G7: =E7+F7 -> 0 | H7: =COUNTIF(参考3パート嘱託!$C$4:$Q$69,B7) -> 0 | I7: =SUM(G7:H7) -> 0 | K7: =G7+H7+J7 -> 0
A8: 10000 | B8: 10020 | C8: 営業本部 | K8: 12
A9: 11000 | B9: 11020 | D9: 営業部 | E9: 7 | F9: 4 | G9: 11 | H9: 1 | I9: 12 | K9: 12
A10: 90000 | B10: 90020 | D10: 営業企画室 | E10: 0 | F10: 0 | G10: 0 | H10: 0 | I10: 0 | K10: 0
A11: 3000 | B11: 3020 | C11: 資材本部（資材部） | K11: 11
A12: 1000 | B12: 1020 | D12: 資材部 | E12: 9 | F12: 1 | G12: 10 | H12: 1 | I12: 11 | K12: 11
A13: 1100 | B13: 1120 | C13: 管理本部 | K13: 15
D14: 経理部 | E14: 2 | F14: 2 | G14: 4 | H14: 1 | I14: 5 | K14: 5
A15: 50000 | B15: 50020 | D15: 総務部 | E15: 5 | F15: 1 | G15: 6 | H15: 1 | I15: 7 | K15: 7
A16: 51000 | B16: 51020 | D16: 総務部羽生総務課 | E16: 1 | F16: 1 | G16: 2 | H16: 1 | I16: 3 | K16: 3
A17: 63000 | B17: 63020 | D17: 総務部計 | E17: 6 | F17: 2 | G17: 8 | H17: 2 | I17: 10 | J17: 0 | K17: 10
C18: 品質本部（品質保証部） | K18: 21
A19: 80000 | B19: 80020 | C19: 本社工場 | D19: 品質保証部検査課 | E19: 3 | F19: 2 | G19: 5 | H19: 0 | I19: 5 | K19: 5
A20: 41111 | B20: 41121 | D20: 品質保証部品質管理課 | E20: 6 | F20: 0 | G20: 6 | H20: 0 | I20: 6 | K20: 6
A21: 43011 | B21: 43021 | C21: 羽生 | D21: 品質保証部（羽生） | E21: 9 | F21: 1 | G21: 10 | H21: 0 | I21: 10 | K21: 10
A22: 41011 | B22: 41021 | C22: 開発本部（ｎｅｌ） | K22: 50
A23: 42111 | B23: 42121 | D23: ＮＥＬ | E23: 38 | F23: 3 | G23: 41 | I23: 50 | K23: 50
A24: 42411 | B24: 42421 | C24: 生産本部 | K24: 376
A25: 42211 | B25: 42221 | C25: 本社工場 | E25: 129 | F25: 11 | G25: 140 | H25: 34 | I25: 174 | J25: 0 | K25: 174
A26: 42011 | B26: 42021 | D26: 本社工場ＮＣ | E26: 8 | F26: 0 | G26: 8 | H26: 4 | I26: 12 | K26: 12
A27: 42311 | B27: 42321 | D27: 本社工場ＴＰ | E27: 18 | F27: 0 | G27: 18 | H27: 3 | I27: 21 | K27: 21
A28: 43211 | B28: 43221 | D28: 本社工場ＨＹ | E28: 23 | F28: 0 | G28: 23 | H28: 5 | I28: 28 | K28: 28
A29: 43311 | B29: 43321 | D29: 本社工場組立第１ | E29: 16 | F29: 2 | G29: 18 | H29: 3 | I29: 21 | K29: 21 | L29: ACは合算する
A30: 41200 | B30: 41220 | D30: 本社工場組立第２ | E30: 0 | F30: 0 | G30: 0 | H30: 0 | I30: 0 | K30: 0
A32: 40400 | B32: 40420 | D32: 本社工場ＡＣ研磨 | E32: 13 | F32: 0 | G32: 13 | H32: 2 | I32: 15 | K32: 15
A33: 34000 | B33: 34020 | D33: 本社工場機械第１ | E33: 12 | F33: 0 | G33: 12 | H33: 1 | I33: 13 | K33: 13
A34: 40000 | B34: 40020 | D34: 本社工場5軸 | E34: 9 | F34: 0 | G34: 9 | H34: 0 | I34: 9 | K34: 9
A35: 67211 | B35: 67221 | D35: 本社工場ＢＶ | E35: 9 | F35: 7 | G35: 16 | H35: 6 | I35: 22 | K35: 22 | L35: 2
A36: 68011 | B36: 68021 | D36: 本社工場ＳＰ | E36: 3 | F36: 0 | G36: 3 | H36: 2 | I36: 5 | K36: 5
A37: 69211 | B37: 69221 | D37: 本社工場構内物流 | E37: 8 | F37: 0 | G37: 8 | H37: 4 | I37: 12 | K37: 12
A38: 69111 | B38: 69121 | D38: 本社工場改善 | E38: 3 | F38: 0 | G38: 3 | H38: 2 | I38: 5 | K38: 5
A39: 34000 | B39: 34020 | D39: 生産支援室 | E39: 1 | F39: 1 | G39: 2 | H39: 2 | I39: 4 | K39: 4
A40: 64011 | B40: 64021 | D40: 本社工場工場管理課 | E40: 6 | F40: 1 | G40: 7 | H40: 0 | I40: 7 | K40: 7
A41: 64111 | B41: 64121 | C41: 羽生工場 | E41: 101 | F41: 10 | G41: 111 | H41: 26 | I41: 137 | J41: 0 | K41: 137
A42: 64211 | B42: 64221 | D42: 羽生工場ＮＣ | E42: 6 | F42: 0 | G42: 6 | H42: 3 | I42: 9 | K42: 9
A43: 67011 | B43: 67021 | D43: 羽生工場ＣＢ | E43: 2 | F43: 0 | G43: 2 | H43: 1 | I43: 3 | K43: 3
A44: 68111 | B44: 68121 | D44: 羽生工場ＢＰＶ | E44: 2 | F44: 0 | G44: 2 | H44: 3 | I44: 5 | K44: 5
A45: 64311 | B45: 64321 | D45: 羽生工場ＥＧＲ | E45: 1 | F45: 0 | G45: 1 | H45: 0 | I45: 1 | K45: 1
A46: 69011 | B46: 69021 | D46: 羽生工場ＢＣ | E46: 8 | F46: 0 | G46: 8 | H46: 3 | I46: 11 | K46: 11 | L46: BC・BBは合算する
A47: 60300 | B47: 60320 | D47: 羽生工場ＢＢ | E47: 2 | F47: 1 | G47: 3 | H47: 0 | I47: 3 | K47: 3
D48: 羽生工場BC・BB
A49: 60411 | B49: 60421 | D49: 羽生工場ＡＳ | E49: 1 | F49: 0 | G49: 1 | H49: 0 | I49: 1 | K49: 1
A50: 65011 | B50: 65021 | D50: 羽生工場プレス | E50: 10 | F50: 0 | G50: 10 | H50: 2 | I50: 12 | K50: 12
A51: 66011 | B51: 66021 | D51: 羽生工場ＰＳＨ | E51: 3 | F51: 1 | G51: 4 | H51: 0 | I51: 4 | K51: 4
A52: 61300 | B52: 61320 | D52: 羽生工場ＭＳＵ | E52: 1 | F52: 1 | G52: 2 | H52: 0 | I52: 2 | K52: 2
D53: 羽生工場ＴＣ | E53: 23 | F53: 1 | G53: 24 | H53: 3 | I53: 27 | K53: 27
A54: 44011 | B54: 44021 | D54: 羽生工場構内物流 | E54: 8 | F54: 0 | G54: 8 | H54: 1 | I54: 9 | K54: 9
A55: 44111 | B55: 44121 | D55: 羽生工場構内ＳＰ | E55: 2 | F55: 1 | G55: 3 | H55: 2 | I55: 5 | K55: 5
A56: 44511 | B56: 44521 | D56: 羽生工場ＶＰ－１ | E56: 14 | F56: 1 | G56: 15 | H56: 4 | I56: 19 | K56: 19
A57: 45111 | B57: 45121 | D57: 羽生工場ＶＰ－２ | E57: 11 | F57: 3 | G57: 14 | H57: 3 | I57: 17 | K57: 17
A58: 44200 | B58: 44220 | D58: 羽生工場工場管理課 | E58: 7 | F58: 1 | G58: 8 | H58: 1 | I58: 9 | K58: 9
C59: 川越第二工場 | E59: 31 | F59: 2 | G59: 33 | H59: 7 | I59: 40 | J59: 0 | K59: 40
A60: 20000 | B60: 20020 | C60: １課 | D60: 川越第二工場１係 | E60: 2 | F60: 0 | G60: 2 | H60: 0 | I60: 2 | K60: 2
A61: 21000 | B61: 21020 | D61: 川越第二工場２係 | E61: 4 | F61: 0 | G61: 4 | H61: 2 | I61: 6 | K61: 6
A62: 22000 | B62: 22020 | D62: 川越第二工場５係 | E62: 5 | F62: 0 | G62: 5 | H62: 2 | I62: 7 | K62: 7
A63: 60000 | B63: 60020 | D63: 川越第二工場鋳造部門 | E63: 15 | F63: 0 | G63: 15 | H63: 1 | I63: 16 | K63: 16
A64: 60100 | B64: 60120 | C64: ２課 | D64: 川越第二工場管理 | E64: 5 | F64: 2 | G64: 7 | H64: 2 | I64: 9 | K64: 9
A65: 60200 | B65: 60220 | C65: 生産管理部 | E65: 13 | F65: 10 | G65: 23 | H65: 2 | I65: 25 | J65: 0 | K65: 25
C66: 本社工場 | D66: 生産管理部製品管理課 | E66: 2 | F66: 1 | G66: 3 | H66: 0 | I66: 3 | K66: 3
A67: 30000 | B67: 30020 | D67: 生産管理部調達課 | E67: 3 | F67: 1 | G67: 4 | H67: 1 | I67: 5 | K67: 5
A68: 31000 | B68: 31020 | D68: 生産管理部ＩＴ管理課 | E68: 4 | F68: 3 | G68: 7 | H68: 0 | I68: 7 | K68: 7
A69: 32000 | B69: 32020 | C69: 羽生 | D69: 生産管理部製品管理課(羽生) | E69: 2 | F69: 2 | G69: 4 | H69: 1 | I69: 5 | K69: 5
A70: 33000 | B70: 33020 | D70: 生産管理部調達課(羽生) | E70: 1 | F70: 2 | G70: 3 | H70: 0 | I70: 3 | K70: 3
A71: 61000 | B71: 61020 | D71: 生産管理部ＩＴ管理課(羽生) | E71: 1 | F71: 1 | G71: 2 | H71: 0 | I71: 2 | K71: 2
A72: 61200 | B72: 61220 | C72: 技術本部（生産技術部） | K72: 49
C73: 生産技術部 | E73: 38 | F73: 4 | G73: 42 | H73: 7 | I73: 49 | J73: 0 | K73: 49
C74: 本社工場 | D74: 生産技術部１課 | E74: 13 | F74: 1 | G74: 14 | H74: 2 | I74: 16 | K74: 16
D75: 生産技術部２課工機係 | E75: 8 | F75: 1 | G75: 9 | H75: 0 | I75: 9 | K75: 9
D76: 生産技術部２課試作係 | E76: 2 | F76: 0 | G76: 2 | H76: 0 | I76: 2 | K76: 2
D77: 生産技術部２課保全係 | E77: 1 | F77: 0 | G77: 1 | H77: 0 | I77: 1 | K77: 1
C78: 羽生 | D78: 生産技術部（羽生） | E78: 10 | F78: 1 | G78: 11 | H78: 1 | I78: 12 | K78: 12
D79: 生産技術部工機（羽生） | E79: 4 | F79: 1 | G79: 5 | H79: 4 | I79: 9 | K79: 9
C80: 全社合計 | E80: 392 | F80: 52 | G80: 444 | H80: 90 | I80: 534 | J80: 0 | K80: 534
D81: 2021年10月1日従業員人数
D82: 部署名 | E82: 正社員 | G82: 計 | H82: パ・嘱 | I82: 合計 | J82: 委託 研修生 シルバー | K82: 総合計
E83: M | F83: ｆ
C84: *役員5名、執行役員5名、顧問2名、海外出向者４名の計１６名は除く（国内出向者は含む）
L85: 西海 | M85: 佐藤 | N85: 秋山 | O85: 外山 | P85: 吉野
L86: 時田 | M86: 石塚 | N86: 茂木 | O86: 五十嵐 | P86: 高橋
C87: 入社 | D87: 伊波、針谷、荻津 | L87: 鈴木 | M87: 上原
C88: 退社 | D88: 藤田、藤井、吉田 | L88: 増田 | M88: 染谷 | N88: 山田 | O88: 吉田
M89: ①
C90: 異動 | D90: 福原 生管調達課
C91: 嘱託へ

Sheet 202407
D3: 2021年11月1日従業員人数
A4: 部署コード | D4: 部署名 | E4: 正社員 | G4: 計 | H4: パ・嘱 | I4: 合計 | J4: 委託 研修生 シルバー | K4: 総合計
E5: M | F5: ｆ
A6: 200 | B6: 202 | D6: #N/A | E6: 1 | F6: 0 | G6: 1 | H6: 0 | I6: 1 | K6: 1
A7: 210 | B7: 211 | D7: #N/A | E7: 0 | F7: 1 | G7: 1 | H7: 0 | I7: 1 | K7: 1
A8: 10000 | B8: 10020 | C8: 営業本部 | K8: 12
A9: 11000 | B9: 11020 | D9: 営業部 | E9: 7 | F9: 4 | G9: 11 | H9: 1 | I9: 12 | K9: 12
A10: 90000 | B10: 90020 | D10: 営業企画室 | E10: 0 | F10: 0 | G10: 0 | H10: 0 | I10: 0 | K10: 0
A11: 3000 | B11: 3020 | C11: 資材本部（資材部） | K11: 12
A12: 1000 | B12: 1020 | D12: 資材部 | E12: 9 | F12: 2 | G12: 11 | H12: 1 | I12: 12 | K12: 12
A13: 1100 | B13: 1120 | C13: 管理本部 | K13: 15
D14: 経理部 | E14: 2 | F14: 2 | G14: 4 | H14: 1 | I14: 5 | K14: 5
A15: 50000 | B15: 50020 | D15: 総務部 | E15: 5 | F15: 1 | G15: 6 | H15: 1 | I15: 7 | K15: 7
A16: 51000 | B16: 51020 | D16: 総務部羽生総務課 | E16: 1 | F16: 1 | G16: 2 | H16: 1 | I16: 3 | K16: 3
A17: 63000 | B17: 63020 | D17: 総務部計 | E17: 6 | F17: 2 | G17: 8 | H17: 2 | I17: 10 | J17: 0 | K17: 10
C18: 品質本部（品質保証部） | K18: 21
A19: 80000 | B19: 80020 | C19: 本社工場 | D19: 品質保証部検査課 | E19: 3 | F19: 2 | G19: 5 | H19: 0 | I19: 5 | K19: 5
A20: 41111 | B20: 41121 | D20: 品質保証部品質管理課 | E20: 6 | F20: 0 | G20: 6 | H20: 0 | I20: 6 | K20: 6
A21: 43011 | B21: 43021 | C21: 羽生 | D21: 品質保証部（羽生） | E21: 9 | F21: 1 | G21: 10 | H21: 0 | I21: 10 | K21: 10
A22: 41011 | B22: 41021 | C22: 開発本部（ｎｅｌ） | K22: 50
A23: 42111 | B23: 42121 | D23: ＮＥＬ | E23: 38 | F23: 3 | G23: 41 | I23: 50 | K23: 50
A24: 42411 | B24: 42421 | C24: 生産本部 | K24: 376
A25: 42211 | B25: 42221 | C25: 本社工場 | E25: 131 | F25: 11 | G25: 142 | H25: 34 | I25: 176 | J25: 0 | K25: 176
A26: 42011 | B26: 42021 | D26: 本社工場ＮＣ | E26: 8 | F26: 0 | G26: 8 | H26: 4 | I26: 12 | K26: 12
A27: 42311 | B27: 42321 | D27: 本社工場ＴＰ | E27: 18 | F27: 0 | G27: 18 | H27: 3 | I27: 21 | K27: 21
A28: 43211 | B28: 43221 | D28: 本社工場ＨＹ | E28: 23 | F28: 0 | G28: 23 | H28: 5 | I28: 28 | K28: 28
A29: 43311 | B29: 43321 | D29: 本社工場組立第１ | E29: 18 | F29: 2 | G29: 20 | H29: 3 | I29: 23 | K29: 23 | L29: ACは合算する
A30: 41200 | B30: 41220 | D30: 本社工場組立第２ | E30: 0 | F30: 0 | G30: 0 | H30: 0 | I30: 0 | K30: 0
A32: 40400 | B32: 40420 | D32: 本社工場ＡＣ研磨 | E32: 13 | F32: 0 | G32: 13 | H32: 2 | I32: 15 | K32: 15
A33: 34000 | B33: 34020 | D33: 本社工場機械第１ | E33: 12 | F33: 0 | G33: 12 | H33: 1 | I33: 13 | K33: 13
A34: 40000 | B34: 40020 | D34: 本社工場5軸 | E34: 9 | F34: 0 | G34: 9 | H34: 0 | I34: 9 | K34: 9
A35: 67211 | B35: 67221 | D35: 本社工場ＢＶ | E35: 9 | F35: 7 | G35: 16 | H35: 6 | I35: 22 | K35: 22 | L35: 2
A36: 68011 | B36: 68021 | D36: 本社工場ＳＰ | E36: 3 | F36: 0 | G36: 3 | H36: 2 | I36: 5 | K36: 5
A37: 69211 | B37: 69221 | D37: 本社工場構内物流 | E37: 8 | F37: 0 | G37: 8 | H37: 4 | I37: 12 | K37: 12
A38: 69111 | B38: 69121 | D38: 本社工場改善 | E38: 3 | F38: 0 | G38: 3 | H38: 2 | I38: 5 | K38: 5
A39: 34000 | B39: 34020 | D39: 生産支援室 | E39: 1 | F39: 1 | G39: 2 | H39: 2 | I39: 4 | K39: 4
A40: 64011 | B40: 64021 | D40: 本社工場工場管理課 | E40: 6 | F40: 1 | G40: 7 | H40: 0 | I40: 7 | K40: 7
A41: 64111 | B41: 64121 | C41: 羽生工場 | E41: 99 | F41: 10 | G41: 109 | H41: 26 | I41: 135 | J41: 0 | K41: 135
A42: 64211 | B42: 64221 | D42: 羽生工場ＮＣ | E42: 6 | F42: 0 | G42: 6 | H42: 3 | I42: 9 | K42: 9
A43: 67011 | B43: 67021 | D43: 羽生工場ＣＢ | E43: 2 | F43: 0 | G43: 2 | H43: 1 | I43: 3 | K43: 3
A44: 68111 | B44: 68121 | D44: 羽生工場ＢＰＶ | E44: 2 | F44: 0 | G44: 2 | H44: 3 | I44: 5 | K44: 5
A45: 64311 | B45: 64321 | D45: 羽生工場ＥＧＲ | E45: 1 | F45: 0 | G45: 1 | H45: 0 | I45: 1 | K45: 1
A46: 69011 | B46: 69021 | D46: 羽生工場ＢＣ | E46: 8 | F46: 0 | G46: 8 | H46: 3 | I46: 11 | K46: 11 | L46: BC・BBは合算する
A47: 60300 | B47: 60320 | D47: 羽生工場ＢＢ | E47: 2 | F47: 1 | G47: 3 | H47: 0 | I47: 3 | K47: 3
D48: 羽生工場BC・BB
A49: 60411 | B49: 60421 | D49: 羽生工場ＡＳ | E49: 1 | F49: 0 | G49: 1 | H49: 0 | I49: 1 | K49: 1
A50: 65011 | B50: 65021 | D50: 羽生工場プレス | E50: 10 | F50: 0 | G50: 10 | H50: 2 | I50: 12 | K50: 12
A51: 66011 | B51: 66021 | D51: 羽生工場ＰＳＨ | E51: 3 | F51: 1 | G51: 4 | H51: 0 | I51: 4 | K51: 4
A52: 61300 | B52: 61320 | D52: 羽生工場ＭＳＵ | E52: 1 | F52: 1 | G52: 2 | H52: 0 | I52: 2 | K52: 2
D53: 羽生工場ＴＣ | E53: 23 | F53: 1 | G53: 24 | H53: 3 | I53: 27 | K53: 27
A54: 44011 | B54: 44021 | D54: 羽生工場構内物流 | E54: 8 | F54: 0 | G54: 8 | H54: 1 | I54: 9 | K54: 9
A55: 44111 | B55: 44121 | D55: 羽生工場構内ＳＰ | E55: 2 | F55: 1 | G55: 3 | H55: 2 | I55: 5 | K55: 5
A56: 44511 | B56: 44521 | D56: 羽生工場ＶＰ－１ | E56: 12 | F56: 1 | G56: 13 | H56: 4 | I56: 17 | K56: 17
A57: 45111 | B57: 45121 | D57: 羽生工場ＶＰ－２ | E57: 11 | F57: 3 | G57: 14 | H57: 3 | I57: 17 | K57: 17
A58: 44200 | B58: 44220 | D58: 羽生工場工場管理課 | E58: 7 | F58: 1 | G58: 8 | H58: 1 | I58: 9 | K58: 9
C59: 川越第二工場 | E59: 32 | F59: 2 | G59: 34 | H59: 7 | I59: 41 | J59: 0 | K59: 41
A60: 20000 | B60: 20020 | C60: １課 | D60: 川越第二工場１係 | E60: 2 | F60: 0 | G60: 2 | H60: 0 | I60: 2 | K60: 2
A61: 21000 | B61: 21020 | D61: 川越第二工場２係 | E61: 4 | F61: 0 | G61: 4 | H61: 2 | I61: 6 | K61: 6
A62: 22000 | B62: 22020 | D62: 川越第二工場５係 | E62: 6 | F62: 0 | G62: 6 | H62: 2 | I62: 8 | K62: 8
A63: 60000 | B63: 60020 | D63: 川越第二工場鋳造部門 | E63: 15 | F63: 0 | G63: 15 | H63: 1 | I63: 16 | K63: 16
A64: 60100 | B64: 60120 | C64: ２課 | D64: 川越第二工場管理 | E64: 5 | F64: 2 | G64: 7 | H64: 2 | I64: 9 | K64: 9
A65: 60200 | B65: 60220 | C65: 生産管理部 | E65: 12 | F65: 10 | G65: 22 | H65: 2 | I65: 24 | J65: 0 | K65: 24
C66: 本社工場 | D66: 生産管理部製品管理課 | E66: 2 | F66: 1 | G66: 3 | H66: 0 | I66: 3 | K66: 3
A67: 30000 | B67: 30020 | D67: 生産管理部調達課 | E67: 2 | F67: 1 | G67: 3 | H67: 1 | I67: 4 | K67: 4
A68: 31000 | B68: 31020 | D68: 生産管理部ＩＴ管理課 | E68: 4 | F68: 3 | G68: 7 | H68: 0 | I68: 7 | K68: 7
A69: 32000 | B69: 32020 | C69: 羽生 | D69: 生産管理部製品管理課(羽生) | E69: 2 | F69: 2 | G69: 4 | H69: 1 | I69: 5 | K69: 5
A70: 33000 | B70: 33020 | D70: 生産管理部調達課(羽生) | E70: 1 | F70: 2 | G70: 3 | H70: 0 | I70: 3 | K70: 3
A71: 61000 | B71: 61020 | D71: 生産管理部ＩＴ管理課(羽生) | E71: 1 | F71: 1 | G71: 2 | H71: 0 | I71: 2 | K71: 2
A72: 61200 | B72: 61220 | C72: 技術本部（生産技術部） | K72: 48
C73: 生産技術部 | E73: 38 | F73: 4 | G73: 42 | H73: 6 | I73: 48 | J73: 0 | K73: 48
C74: 本社工場 | D74: 生産技術部１課 | E74: 13 | F74: 1 | G74: 14 | H74: 2 | I74: 16 | K74: 16
D75: 生産技術部２課工機係 | E75: 8 | F75: 1 | G75: 9 | H75: 0 | I75: 9 | K75: 9
D76: 生産技術部２課試作係 | E76: 2 | F76: 0 | G76: 2 | H76: 0 | I76: 2 | K76: 2
D77: 生産技術部２課保全係 | E77: 1 | F77: 0 | G77: 1 | H77: 0 | I77: 1 | K77: 1
C78: 羽生 | D78: 生産技術部（羽生） | E78: 10 | F78: 1 | G78: 11 | H78: 1 | I78: 12 | K78: 12
D79: 生産技術部工機（羽生） | E79: 4 | F79: 1 | G79: 5 | H79: 3 | I79: 8 | K79: 8
C80: 全社合計 | E80: 392 | F80: 53 | G80: 445 | H80: 89 | I80: 534 | J80: 0 | K80: 534
D81: 2021年10月1日従業員人数
D82: 部署名 | E82: 正社員 | G82: 計 | H82: パ・嘱 | I82: 合計 | J82: 委託 研修生 シルバー | K82: 総合計
E83: M | F83: ｆ
C84: *役員5名、執行役員5名、顧問2名、海外出向者４名の計１６名は除く（国内出向者は含む）
L85: 西海 | M85: 佐藤 | N85: 秋山 | O85: 外山 | P85: 吉野
L86: 時田 | M86: 石塚 | N86: 茂木 | O86: 五十嵐 | P86: 高橋
D87: 新後・羽根坂・市川・落合 ＋ | L87: 鈴木 | M87: 上原
D88: 須永・亀山・小川・新久・三浦 - | L88: 増田 | M88: 染谷 | N88: 山田 | O88: 吉田
M89: ①
D90: 石和 嘱託へ
D91: 永原 移動
D92: 山崎異動

Sheet 正式前１
D3: 2021年11月1日従業員人数
A4: 部署コード | D4: 部署名 | E4: 正社員 | G4: 計 | H4: パ・嘱 | I4: 合計 | J4: 委託 研修生 シルバー | K4: 総合計
E5: M | F5: ｆ
A6: 200 | B6: 202 | D6: =VLOOKUP(A6,正社員!$P$3:$Q$20,2,FALSE) -> #N/A | E6: =COUNTIF(参考1男性!$C$5:$P$367,A6) -> 0 | F6: =COUNTIF(参考2女性!$C$5:$Q$52,A6) -> 0 | G6: =E6+F6 -> 0 | H6: =COUNTIF(参考3パート嘱託!$C$4:$Q$69,B6) -> 0 | I6: =SUM(G6:H6) -> 0 | K6: =G6+H6+J6 -> 0
A7: 210 | B7: 211 | D7: =VLOOKUP(A7,正社員!$P$3:$Q$20,2,FALSE) -> #N/A | E7: =COUNTIF(参考1男性!$C$5:$P$367,A7) -> 0 | F7: =COUNTIF(参考2女性!$C$5:$Q$52,A7) -> 0 | G7: =E7+F7 -> 0 | H7: =COUNTIF(参考3パート嘱託!$C$4:$Q$69,B7) -> 0 | I7: =SUM(G7:H7) -> 0 | K7: =G7+H7+J7 -> 0
A8: 10000 | B8: 10020 | C8: 営業本部 | K8: =SUM(K9:K10) -> 12
A9: 11000 | B9: 11020 | D9: =VLOOKUP(A8,正社員!$P$3:$Q$20,2,FALSE) -> 営業部 | E9: =COUNTIF(参考1男性!$C$5:$Q$5533,A8) -> 7 | F9: =COUNTIF(参考2女性!$C$5:$Q$551,A8) -> 4 | G9: =E9+F9 -> 11 | H9: =COUNTIF(参考3パート嘱託!$C$4:$Q$812,B8) -> 1 | I9: =SUM(G9:H9) -> 12 | K9: =G9+H9+J9 -> 12
A10: 90000 | B10: 90020 | D10: 営業企画室 | E10: =COUNTIF(参考1男性!$C$5:$Q$5533,A9) -> 0 | F10: =COUNTIF(参考2女性!$C$5:$Q$551,A9) -> 0 | G10: =E10+F10 -> 0 | H10: =COUNTIF(参考3パート嘱託!$C$4:$Q$812,B9) -> 0 | I10: =SUM(G10:H10) -> 0 | K10: =G10+H10+J10 -> 0
A11: 3000 | B11: 3020 | C11: 資材本部（資材部） | K11: =SUM(K12) -> 11
A12: 1000 | B12: 1020 | D12: =VLOOKUP(A10,正社員!$P$39:$Q$195,2,FALSE) -> 資材部 | E12: =COUNTIF(参考1男性!$C$5:$P$3366,A10) -> 9 | F12: =COUNTIF(参考2女性!$C$5:$Q$551,A10) -> 1 | G12: =E12+F12 -> 10 | H12: =COUNTIF(参考3パート嘱託!$C$4:$Q$812,B10) -> 1 | I12: =SUM(G12:H12) -> 11 | K12: =G12+H12+J12 -> 11
A13: 1100 | B13: 1120 | C13: 管理本部 | K13: =SUM(K14:K16) -> 15
D14: 経理部 | E14: =COUNTIF(参考1男性!$C$5:$P$3986,A11) -> 2 | F14: =COUNTIF(参考2女性!$C$5:$Q$524,A11) -> 2 | G14: =E14+F14 -> 4 | H14: =COUNTIF(参考3パート嘱託!$C$4:$Q$377,B11) -> 1 | I14: =SUM(G14:H14) -> 5 | K14: =G14+H14+J14 -> 5
A15: 50000 | B15: 50020 | D15: =VLOOKUP(A12,正社員!$P$3:$Q$20,2,FALSE) -> 総務部 | E15: =COUNTIF(参考1男性!$C$5:$P$3986,A12) -> 5 | F15: =COUNTIF(参考2女性!$C$5:$Q$551,A12) -> 1 | G15: =E15+F15 -> 6 | H15: =COUNTIF(参考3パート嘱託!$C$4:$Q$962,B12) -> 1 | I15: =SUM(G15:H15) -> 7 | K15: =G15+H15+J15 -> 7
A16: 51000 | B16: 51020 | D16: =VLOOKUP(A13,正社員!$P$3:$Q$20,2,FALSE) -> 総務部羽生総務課 | E16: =COUNTIF(参考1男性!$C$5:$P$3986,A13) -> 1 | F16: =COUNTIF(参考2女性!$C$5:$Q$551,A13) -> 1 | G16: =E16+F16 -> 2 | H16: =COUNTIF(参考3パート嘱託!$C$4:$Q$962,B13) -> 1 | I16: =SUM(G16:H16) -> 3 | K16: =G16+H16+J16 -> 3
A17: 63000 | B17: 63020 | D17: 総務部計 | E17: =SUM(E15:E16) -> 6 | F17: =SUM(F15:F16) -> 2 | G17: =SUM(G15:G16) -> 8 | H17: =SUM(H15:H16) -> 2 | I17: =SUM(I15:I16) -> 10 | J17: =SUM(J15:J16) -> 0 | K17: =SUM(K15:K16) -> 10
C18: 品質本部（品質保証部） | K18: =SUM(K19:K21) -> 21
A19: 80000 | B19: 80020 | C19: 本社工場 | D19: =VLOOKUP(A15,正社員!$P$39:$Q$195,2,FALSE) -> 品質保証部検査課 | E19: =COUNTIF(参考1男性!$C$5:$P$3366,A15) -> 3 | F19: =COUNTIF(参考2女性!$C$5:$Q$551,A15) -> 2 | G19: =E19+F19 -> 5 | H19: =COUNTIF(参考3パート嘱託!$C$4:$Q$917,B15) -> 0 | I19: =SUM(G19:H19) -> 5 | K19: =G19+H19+J19 -> 5
A20: 41111 | B20: 41121 | D20: =VLOOKUP(A16,正社員!$P$39:$Q$195,2,FALSE) -> 品質保証部品質管理課 | E20: =COUNTIF(参考1男性!$C$5:$P$3816,A16) -> 6 | F20: =COUNTIF(参考2女性!$C$5:$Q$551,A16) -> 0 | G20: =E20+F20 -> 6 | H20: =COUNTIF(参考3パート嘱託!$C$4:$Q$917,B16) -> 0 | I20: =SUM(G20:H20) -> 6 | K20: =G20+H20+J20 -> 6
A21: 43011 | B21: 43021 | C21: 羽生 | D21: =VLOOKUP(A17,正社員!$P$39:$Q$195,2,FALSE) -> 品質保証部（羽生） | E21: =COUNTIF(参考1男性!$C$5:$P$3816,A17) -> 9 | F21: =COUNTIF(参考2女性!$C$5:$Q$551,A17) -> 1 | G21: =E21+F21 -> 10 | H21: =COUNTIF(参考3パート嘱託!$C$4:$Q$917,B17) -> 0 | I21: =SUM(G21:H21) -> 10 | K21: =G21+H21+J21 -> 10
A22: 41011 | B22: 41021 | C22: 開発本部（ｎｅｌ） | K22: =K23 -> 41
A23: 42111 | B23: 42121 | D23: =VLOOKUP(A19,正社員!$P$39:$Q$195,2,FALSE) -> ＮＥＬ | E23: =COUNTIF(参考1男性!$C$5:$P$3816,A19) -> 38 | F23: =COUNTIF(参考2女性!$C$5:$Q$551,A19) -> 3 | G23: =E23+F23 -> 41 | I23: =SUM(G23:H23) -> 41 | K23: =G23+H23+J23 -> 41
A24: 42411 | B24: 42421 | C24: 生産本部 | K24: =K25+K41+K59+K65 -> 376
A25: 42211 | B25: 42221 | C25: 本社工場 | E25: =SUM(E26:E40) -> 129 | F25: =SUM(F26:F40) -> 11 | G25: =SUM(G26:G40) -> 140 | H25: =SUM(H26:H40) -> 34 | I25: =SUM(I26:I40) -> 174 | J25: =SUM(J26:J40) -> 0 | K25: =SUM(K26:K40) -> 174
A26: 42011 | B26: 42021 | D26: =VLOOKUP(A20,正社員!$P$234:$Q$460,2,FALSE) -> 本社工場ＮＣ | E26: =COUNTIF(参考1男性!$C$5:$P$3816,A20) -> 8 | F26: =COUNTIF(参考2女性!$C$5:$Q$551,A20) -> 0 | G26: =E26+F26 -> 8 | H26: =COUNTIF(参考3パート嘱託!$C$4:$Q$917,B20) -> 4 | I26: =SUM(G26:H26) -> 12 | K26: =G26+H26+J26 -> 12
A27: 42311 | B27: 42321 | D27: =VLOOKUP(A21,正社員!$P$234:$Q$460,2,FALSE) -> 本社工場ＴＰ | E27: =COUNTIF(参考1男性!$C$5:$P$3834,A21) -> 18 | F27: =COUNTIF(参考2女性!$C$5:$Q$551,A21) -> 0 | G27: =E27+F27 -> 18 | H27: =COUNTIF(参考3パート嘱託!$C$4:$Q$917,B21) -> 3 | I27: =SUM(G27:H27) -> 21 | K27: =G27+H27+J27 -> 21
A28: 43211 | B28: 43221 | D28: =VLOOKUP(A22,正社員!$P$234:$Q$460,2,FALSE) -> 本社工場ＨＹ | E28: =COUNTIF(参考1男性!$C$5:$P$3816,A22) -> 23 | F28: =COUNTIF(参考2女性!$C$5:$Q$524,A22) -> 0 | G28: =E28+F28 -> 23 | H28: =COUNTIF(参考3パート嘱託!$C$4:$Q$917,B22) -> 5 | I28: =SUM(G28:H28) -> 28 | K28: =G28+H28+J28 -> 28
A29: 43311 | B29: 43321 | D29: =VLOOKUP(A23,正社員!$P$234:$Q$460,2,FALSE) -> 本社工場組立第１ | E29: =COUNTIF(参考1男性!$C$5:$P$3834,A23) -> 16 | F29: =COUNTIF(参考2女性!$C$5:$Q$524,A23) -> 2 | G29: =E29+F29 -> 18 | H29: =COUNTIF(参考3パート嘱託!$C$4:$Q$917,B23) -> 3 | I29: =SUM(G29:H29) -> 21 | K29: =G29+H29+J29 -> 21 | L29: ACは合算する
A30: 41200 | B30: 41220 | D30: =VLOOKUP(A24,正社員!$P$234:$Q$460,2,FALSE) -> 本社工場組立第２ | E30: =COUNTIF(参考1男性!$C$5:$P$3816,A24) -> 0 | F30: =COUNTIF(参考2女性!$C$5:$Q$551,A24) -> 0 | G30: =E30+F30 -> 0 | H30: =COUNTIF(参考3パート嘱託!$C$4:$Q$917,B24) -> 0 | I30: =SUM(G30:H30) -> 0 | K30: =G30+H30+J30 -> 0
A32: 40400 | B32: 40420 | D32: =VLOOKUP(A25,正社員!$P$234:$Q$460,2,FALSE) -> 本社工場ＡＣ研磨 | E32: =COUNTIF(参考1男性!$C$5:$P$3816,A25) -> 13 | F32: =COUNTIF(参考2女性!$C$5:$Q$551,A25) -> 0 | G32: =E32+F32 -> 13 | H32: =COUNTIF(参考3パート嘱託!$C$4:$Q$917,B25) -> 2 | I32: =SUM(G32:H32) -> 15 | K32: =G32+H32+J32 -> 15
A33: 34000 | B33: 34020 | D33: =VLOOKUP(A26,正社員!$P$234:$Q$460,2,FALSE) -> 本社工場機械第１ | E33: =COUNTIF(参考1男性!$C$5:$P$3816,A26) -> 12 | F33: =COUNTIF(参考2女性!$C$5:$Q$551,A26) -> 0 | G33: =E33+F33 -> 12 | H33: =COUNTIF(参考3パート嘱託!$C$4:$Q$917,B26) -> 1 | I33: =SUM(G33:H33) -> 13 | K33: =G33+H33+J33 -> 13
A34: 40000 | B34: 40020 | D34: 本社工場5軸 | E34: =COUNTIF(参考1男性!$C$5:$P$3816,A27) -> 9 | F34: =COUNTIF(参考2女性!$C$5:$Q$551,A27) -> 0 | G34: =E34+F34 -> 9 | H34: =COUNTIF(参考3パート嘱託!$C$4:$Q$917,B27) -> 0 | I34: =SUM(G34:H34) -> 9 | K34: =G34+H34+J34 -> 9
A35: 67211 | B35: 67221 | D35: =VLOOKUP(A28,正社員!$P$234:$Q$460,2,FALSE) -> 本社工場ＢＶ | E35: =COUNTIF(参考1男性!$C$5:$P$3816,A28) -> 9 | F35: =COUNTIF(参考2女性!$C$5:$Q$551,A28) -> 7 | G35: =E35+F35 -> 16 | H35: =COUNTIF(参考3パート嘱託!$C$4:$Q$962,B28) -> 6 | I35: =SUM(G35:H35) -> 22 | K35: =G35+H35+J35 -> 22 | L35: 2
A36: 68011 | B36: 68021 | D36: =VLOOKUP(A29,正社員!$P$234:$Q$460,2,FALSE) -> 本社工場ＳＰ | E36: =COUNTIF(参考1男性!$C$5:$P$3816,A29) -> 3 | F36: =COUNTIF(参考2女性!$C$5:$Q$551,A29) -> 0 | G36: =E36+F36 -> 3 | H36: =COUNTIF(参考3パート嘱託!$C$4:$Q$962,B29) -> 2 | I36: =SUM(G36:H36) -> 5 | K36: =G36+H36+J36 -> 5
A37: 69211 | B37: 69221 | D37: =VLOOKUP(A30,正社員!$P$39:$Q$195,2,FALSE) -> 本社工場構内物流 | E37: =COUNTIF(参考1男性!$C$5:$P$3834,A30) -> 8 | F37: =COUNTIF(参考2女性!$C$5:$Q$551,A30) -> 0 | G37: =E37+F37 -> 8 | H37: =COUNTIF(参考3パート嘱託!$C$4:$Q$962,B30) -> 4 | I37: =SUM(G37:H37) -> 12 | K37: =G37+H37+J37 -> 12
A38: 69111 | B38: 69121 | D38: =VLOOKUP(A32,正社員!$P$39:$Q$195,2,FALSE) -> 本社工場改善 | E38: =COUNTIF(参考1男性!$C$5:$P$3816,A32) -> 3 | F38: =COUNTIF(参考2女性!$C$5:$Q$551,A32) -> 0 | G38: =E38+F38 -> 3 | H38: =COUNTIF(参考3パート嘱託!$C$4:$Q$8077,B32) -> 2 | I38: =SUM(G38:H38) -> 5 | K38: =G38+H38+J38 -> 5
A39: 34000 | B39: 34020 | D39: 生産支援室 | E39: =COUNTIF(参考1男性!$C$5:$P$3816,A33) -> 1 | F39: =COUNTIF(参考2女性!$C$5:$Q$551,A33) -> 1 | G39: =E39+F39 -> 2 | H39: =COUNTIF(参考3パート嘱託!$C$4:$Q$8077,B33) -> 2 | I39: =SUM(G39:H39) -> 4 | K39: =G39+H39+J39 -> 4
A40: 64011 | B40: 64021 | D40: 本社工場工場管理課 | E40: =COUNTIF(参考1男性!$C$5:$P$3816,A34) -> 6 | F40: =COUNTIF(参考2女性!$C$5:$Q$551,A34) -> 1 | G40: =E40+F40 -> 7 | H40: =COUNTIF(参考3パート嘱託!$C$4:$Q$7982,B34) -> 0 | I40: =SUM(G40:H40) -> 7 | K40: =G40+H40+J40 -> 7
A41: 64111 | B41: 64121 | C41: 羽生工場 | E41: =SUM(E42:E58) -> 101 | F41: =SUM(F42:F58) -> 10 | G41: =SUM(G42:G58) -> 111 | H41: =SUM(H42:H58) -> 26 | I41: =SUM(I42:I58) -> 137 | J41: =SUM(J42:J58) -> 0 | K41: =SUM(K42:K58) -> 137
A42: 64211 | B42: 64221 | D42: =VLOOKUP(A35,正社員!$P$234:$Q$460,2,FALSE) -> 羽生工場ＮＣ | E42: =COUNTIF(参考1男性!$C$5:$P$3816,A35) -> 6 | F42: =COUNTIF(参考2女性!$C$5:$Q$551,A35) -> 0 | G42: =E42+F42 -> 6 | H42: =COUNTIF(参考3パート嘱託!$C$4:$Q$782,B35) -> 3 | I42: =SUM(G42:H42) -> 9 | K42: =G42+H42+J42 -> 9
A43: 67011 | B43: 67021 | D43: =VLOOKUP(A36,正社員!$P$234:$Q$460,2,FALSE) -> 羽生工場ＣＢ | E43: =COUNTIF(参考1男性!$C$5:$P$3834,A36) -> 2 | F43: =COUNTIF(参考2女性!$C$5:$Q$551,A36) -> 0 | G43: =E43+F43 -> 2 | H43: =COUNTIF(参考3パート嘱託!$C$4:$Q$782,B36) -> 1 | I43: =SUM(G43:H43) -> 3 | K43: =G43+H43+J43 -> 3
A44: 68111 | B44: 68121 | D44: =VLOOKUP(A37,正社員!$P$234:$Q$460,2,FALSE) -> 羽生工場ＢＰＶ | E44: =COUNTIF(参考1男性!$C$5:$P$3816,A37) -> 2 | F44: =COUNTIF(参考2女性!$C$5:$Q$551,A37) -> 0 | G44: =E44+F44 -> 2 | H44: =COUNTIF(参考3パート嘱託!$C$4:$Q$782,B37) -> 3 | I44: =SUM(G44:H44) -> 5 | K44: =G44+H44+J44 -> 5
A45: 64311 | B45: 64321 | D45: =VLOOKUP(A38,正社員!$P$234:$Q$460,2,FALSE) -> 羽生工場ＥＧＲ | E45: =COUNTIF(参考1男性!$C$5:$P$3816,A38) -> 1 | F45: =COUNTIF(参考2女性!$C$5:$Q$551,A38) -> 0 | G45: =E45+F45 -> 1 | H45: =COUNTIF(参考3パート嘱託!$C$4:$Q$782,B38) -> 0 | I45: =SUM(G45:H45) -> 1 | K45: =G45+H45+J45 -> 1
A46: 69011 | B46: 69021 | D46: =VLOOKUP(A40,正社員!$P$234:$Q$460,2,FALSE) -> 羽生工場ＢＣ | E46: =COUNTIF(参考1男性!$C$5:$P$3816,A40) -> 8 | F46: =COUNTIF(参考2女性!$C$5:$Q$551,A40) -> 0 | G46: =E46+F46 -> 8 | H46: =COUNTIF(参考3パート嘱託!$C$4:$Q$782,B40) -> 3 | I46: =SUM(G46:H46) -> 11 | K46: =G46+H46+J46 -> 11 | L46: BC・BBは合算する
A47: 60300 | B47: 60320 | D47: =VLOOKUP(A41,正社員!$P$234:$Q$460,2,FALSE) -> 羽生工場ＢＢ | E47: =COUNTIF(参考1男性!$C$5:$P$3816,A41) -> 2 | F47: =COUNTIF(参考2女性!$C$5:$Q$551,A41) -> 1 | G47: =E47+F47 -> 3 | H47: =COUNTIF(参考3パート嘱託!$C$4:$Q$782,B41) -> 0 | I47: =SUM(G47:H47) -> 3 | K47: =G47+H47+J47 -> 3
D48: 羽生工場BC・BB
A49: 60411 | B49: 60421 | D49: =VLOOKUP(A42,正社員!$P$234:$Q$460,2,FALSE) -> 羽生工場ＡＳ | E49: =COUNTIF(参考1男性!$C$5:$P$3834,A42) -> 1 | F49: =COUNTIF(参考2女性!$C$5:$Q$551,A42) -> 0 | G49: =E49+F49 -> 1 | H49: =COUNTIF(参考3パート嘱託!$C$4:$Q$982,B42) -> 0 | I49: =SUM(G49:H49) -> 1 | K49: =G49+H49+J49 -> 1
A50: 65011 | B50: 65021 | D50: =VLOOKUP(A43,正社員!$P$234:$Q$460,2,FALSE) -> 羽生工場プレス | E50: =COUNTIF(参考1男性!$C$5:$P$3816,A43) -> 10 | F50: =COUNTIF(参考2女性!$C$5:$Q$551,A43) -> 0 | G50: =E50+F50 -> 10 | H50: =COUNTIF(参考3パート嘱託!$C$4:$Q$1062,B43) -> 2 | I50: =SUM(G50:H50) -> 12 | K50: =G50+H50+J50 -> 12
A51: 66011 | B51: 66021 | D51: =VLOOKUP(A44,正社員!$P$234:$Q$460,2,FALSE) -> 羽生工場ＰＳＨ | E51: =COUNTIF(参考1男性!$C$5:$P$3834,A44) -> 3 | F51: =COUNTIF(参考2女性!$C$5:$Q$551,A44) -> 1 | G51: =E51+F51 -> 4 | H51: =COUNTIF(参考3パート嘱託!$C$4:$Q$812,B44) -> 0 | I51: =SUM(G51:H51) -> 4 | K51: =G51+H51+J51 -> 4
A52: 61300 | B52: 61320 | D52: =VLOOKUP(A45,正社員!$P$234:$Q$460,2,FALSE) -> 羽生工場ＭＳＵ | E52: =COUNTIF(参考1男性!$C$5:$P$3816,A45) -> 1 | F52: =COUNTIF(参考2女性!$C$5:$Q$551,A45) -> 1 | G52: =E52+F52 -> 2 | H52: =COUNTIF(参考3パート嘱託!$C$4:$Q$812,B45) -> 0 | I52: =SUM(G52:H52) -> 2 | K52: =G52+H52+J52 -> 2
D53: =VLOOKUP(A46,正社員!$P$234:$Q$460,2,FALSE) -> 羽生工場ＴＣ | E53: =COUNTIF(参考1男性!$C$5:$P$3816,A46) -> 23 | F53: =COUNTIF(参考2女性!$C$5:$Q$551,A46) -> 1 | G53: =E53+F53 -> 24 | H53: =COUNTIF(参考3パート嘱託!$C$4:$Q$812,B46) -> 3 | I53: =SUM(G53:H53) -> 27 | K53: =G53+H53+J53 -> 27
A54: 44011 | B54: 44021 | D54: =VLOOKUP(A47,正社員!$P$39:$Q$195,2,FALSE) -> 羽生工場構内物流 | E54: =COUNTIF(参考1男性!$C$5:$P$3834,A47) -> 8 | F54: =COUNTIF(参考2女性!$C$5:$Q$551,A47) -> 0 | G54: =E54+F54 -> 8 | H54: =COUNTIF(参考3パート嘱託!$C$4:$Q$812,B47) -> 1 | I54: =SUM(G54:H54) -> 9 | K54: =G54+H54+J54 -> 9
A55: 44111 | B55: 44121 | D55: =VLOOKUP(A49,正社員!$P$234:$Q$460,2,FALSE) -> 羽生工場構内ＳＰ | E55: =COUNTIF(参考1男性!$C$5:$P$3834,A49) -> 2 | F55: =COUNTIF(参考2女性!$C$5:$Q$551,A49) -> 1 | G55: =E55+F55 -> 3 | H55: =COUNTIF(参考3パート嘱託!$C$4:$Q$82982,B49) -> 2 | I55: =SUM(G55:H55) -> 5 | K55: =G55+H55+J55 -> 5
A56: 44511 | B56: 44521 | D56: =VLOOKUP(A50,正社員!$P$234:$Q$460,2,FALSE) -> 羽生工場ＶＰ－１ | E56: =COUNTIF(参考1男性!$C$5:$P$3816,A50) -> 14 | F56: =COUNTIF(参考2女性!$C$5:$Q$551,A50) -> 1 | G56: =E56+F56 -> 15 | H56: =COUNTIF(参考3パート嘱託!$C$4:$Q$7982,B50) -> 4 | I56: =SUM(G56:H56) -> 19 | K56: =G56+H56+J56 -> 19
A57: 45111 | B57: 45121 | D57: =VLOOKUP(A51,正社員!$P$234:$Q$460,2,FALSE) -> 羽生工場ＶＰ－２ | E57: =COUNTIF(参考1男性!$C$5:$P$3816,A51) -> 11 | F57: =COUNTIF(参考2女性!$C$5:$Q$551,A51) -> 3 | G57: =E57+F57 -> 14 | H57: =COUNTIF(参考3パート嘱託!$C$4:$Q$7982,B51) -> 3 | I57: =SUM(G57:H57) -> 17 | K57: =G57+H57+J57 -> 17
A58: 44200 | B58: 44220 | D58: =VLOOKUP(A52,正社員!$P$39:$Q$195,2,FALSE) -> 羽生工場工場管理課 | E58: =COUNTIF(参考1男性!$C$5:$P$3834,A52) -> 7 | F58: =COUNTIF(参考2女性!$C$5:$Q$551,A52) -> 1 | G58: =E58+F58 -> 8 | H58: =COUNTIF(参考3パート嘱託!$C$4:$Q$7982,B52) -> 1 | I58: =SUM(G58:H58) -> 9 | K58: =G58+H58+J58 -> 9
C59: 川越第二工場 | E59: =SUM(E60:E64) -> 31 | F59: =SUM(F60:F64) -> 2 | G59: =SUM(G60:G64) -> 33 | H59: =SUM(H60:H64) -> 7 | I59: =SUM(I60:I64) -> 40 | J59: =SUM(J60:J64) -> 0 | K59: =SUM(K60:K64) -> 40
A60: 20000 | B60: 20020 | C60: １課 | D60: =VLOOKUP(A54,正社員!$P$234:$Q$460,2,FALSE) -> 川越第二工場１係 | E60: =COUNTIF(参考1男性!$C$5:$P$3816,A54) -> 2 | F60: =COUNTIF(参考2女性!$C$5:$Q$551,A54) -> 0 | G60: =E60+F60 -> 2 | H60: =COUNTIF(参考3パート嘱託!$C$4:$Q$782,B54) -> 0 | I60: =SUM(G60:H60) -> 2 | K60: =G60+H60+J60 -> 2
A61: 21000 | B61: 21020 | D61: =VLOOKUP(A55,正社員!$P$234:$Q$460,2,FALSE) -> 川越第二工場２係 | E61: =COUNTIF(参考1男性!$C$5:$P$3816,A55) -> 4 | F61: =COUNTIF(参考2女性!$C$5:$Q$551,A55) -> 0 | G61: =E61+F61 -> 4 | H61: =COUNTIF(参考3パート嘱託!$C$4:$Q$782,B55) -> 2 | I61: =SUM(G61:H61) -> 6 | K61: =G61+H61+J61 -> 6
A62: 22000 | B62: 22020 | D62: =VLOOKUP(A56,正社員!$P$234:$Q$460,2,FALSE) -> 川越第二工場５係 | E62: =COUNTIF(参考1男性!$C$5:$P$3816,A56) -> 5 | F62: =COUNTIF(参考2女性!$C$5:$Q$551,A56) -> 0 | G62: =E62+F62 -> 5 | H62: =COUNTIF(参考3パート嘱託!$C$4:$Q$782,B56) -> 2 | I62: =SUM(G62:H62) -> 7 | K62: =G62+H62+J62 -> 7
A63: 60000 | B63: 60020 | D63: =VLOOKUP(A57,正社員!$P$234:$Q$460,2,FALSE) -> 川越第二工場鋳造部門 | E63: =COUNTIF(参考1男性!$C$5:$P$3816,A57) -> 15 | F63: =COUNTIF(参考2女性!$C$5:$Q$551,A57) -> 0 | G63: =E63+F63 -> 15 | H63: =COUNTIF(参考3パート嘱託!$C$4:$Q$782,B57) -> 1 | I63: =SUM(G63:H63) -> 16 | K63: =G63+H63+J63 -> 16
A64: 60100 | B64: 60120 | C64: ２課 | D64: =VLOOKUP(A58,正社員!$P$39:$Q$195,2,FALSE) -> 川越第二工場管理 | E64: =COUNTIF(参考1男性!$C$5:$P$3816,A58) -> 5 | F64: =COUNTIF(参考2女性!$C$5:$Q$551,A58) -> 2 | G64: =E64+F64 -> 7 | H64: =COUNTIF(参考3パート嘱託!$C$4:$Q$782,B58) -> 2 | I64: =SUM(G64:H64) -> 9 | K64: =G64+H64+J64 -> 9
A65: 60200 | B65: 60220 | C65: 生産管理部 | E65: =SUM(E66:E71) -> 13 | F65: =SUM(F66:F71) -> 10 | G65: =SUM(G66:G71) -> 23 | H65: =SUM(H66:H71) -> 2 | I65: =SUM(I66:I71) -> 25 | J65: =SUM(J66:J71) -> 0 | K65: =SUM(K66:K71) -> 25
C66: 本社工場 | D66: =VLOOKUP(A60,正社員!$P$39:$Q$195,2,FALSE) -> 生産管理部製品管理課 | E66: =COUNTIF(参考1男性!$C$5:$P$3366,A60) -> 2 | F66: =COUNTIF(参考2女性!$C$5:$Q$551,A60) -> 1 | G66: =E66+F66 -> 3 | H66: =COUNTIF(参考3パート嘱託!$C$4:$Q$782,B60) -> 0 | I66: =SUM(G66:H66) -> 3 | K66: =G66+H66+J66 -> 3
A67: 30000 | B67: 30020 | D67: 生産管理部調達課 | E67: =COUNTIF(参考1男性!$C$5:$P$3366,A61) -> 3 | F67: =COUNTIF(参考2女性!$C$5:$Q$551,A61) -> 1 | G67: =E67+F67 -> 4 | H67: =COUNTIF(参考3パート嘱託!$C$4:$Q$782,B61) -> 1 | I67: =SUM(G67:H67) -> 5 | K67: =G67+H67+J67 -> 5
A68: 31000 | B68: 31020 | D68: =VLOOKUP(A62,正社員!$P$39:$Q$195,2,FALSE) -> 生産管理部ＩＴ管理課 | E68: =COUNTIF(参考1男性!$C$5:$P$3366,A62) -> 4 | F68: =COUNTIF(参考2女性!$C$5:$Q$551,A62) -> 3 | G68: =E68+F68 -> 7 | H68: =COUNTIF(参考3パート嘱託!$C$4:$Q$782,B62) -> 0 | I68: =SUM(G68:H68) -> 7 | K68: =G68+H68+J68 -> 7
A69: 32000 | B69: 32020 | C69: 羽生 | D69: =VLOOKUP(A63,正社員!$P$39:$Q$195,2,FALSE) -> 生産管理部製品管理課(羽生) | E69: =COUNTIF(参考1男性!$C$5:$P$3366,A63) -> 2 | F69: =COUNTIF(参考2女性!$C$5:$Q$551,A63) -> 2 | G69: =E69+F69 -> 4 | H69: =COUNTIF(参考3パート嘱託!$C$4:$Q$782,B63) -> 1 | I69: =SUM(G69:H69) -> 5 | K69: =G69+H69+J69 -> 5
A70: 33000 | B70: 33020 | D70: 生産管理部調達課(羽生) | E70: =COUNTIF(参考1男性!$C$5:$P$3366,A64) -> 1 | F70: =COUNTIF(参考2女性!$C$5:$Q$551,A64) -> 2 | G70: =E70+F70 -> 3 | H70: =COUNTIF(参考3パート嘱託!$C$4:$Q$782,B64) -> 0 | I70: =SUM(G70:H70) -> 3 | K70: =G70+H70+J70 -> 3
A71: 61000 | B71: 61020 | D71: =VLOOKUP(A65,正社員!$P$39:$Q$195,2,FALSE) -> 生産管理部ＩＴ管理課(羽生) | E71: =COUNTIF(参考1男性!$C$5:$P$3366,A65) -> 1 | F71: =COUNTIF(参考2女性!$C$5:$Q$551,A65) -> 1 | G71: =E71+F71 -> 2 | H71: =COUNTIF(参考3パート嘱託!$C$4:$Q$782,B65) -> 0 | I71: =SUM(G71:H71) -> 2 | K71: =G71+H71+J71 -> 2
A72: 61200 | B72: 61220 | C72: 技術本部（生産技術部） | K72: =K73 -> 49
C73: 生産技術部 | E73: =SUM(E74:E79) -> 38 | F73: =SUM(F74:F79) -> 4 | G73: =SUM(G74:G79) -> 42 | H73: =SUM(H74:H79) -> 7 | I73: =SUM(I74:I79) -> 49 | J73: =SUM(J74:J79) -> 0 | K73: =SUM(K74:K79) -> 49
C74: 本社工場 | D74: =VLOOKUP(A67,正社員!$P$39:$Q$195,2,FALSE) -> 生産技術部１課 | E74: =COUNTIF(参考1男性!$C$5:$P$3366,A67) -> 13 | F74: =COUNTIF(参考2女性!$C$5:$Q$551,A67) -> 1 | G74: =E74+F74 -> 14 | H74: =COUNTIF(参考3パート嘱託!$C$4:$Q$782,B67) -> 2 | I74: =SUM(G74:H74) -> 16 | K74: =G74+H74+J74 -> 16
D75: =VLOOKUP(A68,正社員!$P$39:$Q$195,2,FALSE) -> 生産技術部２課工機係 | E75: =COUNTIF(参考1男性!$C$5:$P$3366,A68) -> 8 | F75: =COUNTIF(参考2女性!$C$5:$Q$524,A68) -> 1 | G75: =E75+F75 -> 9 | H75: =COUNTIF(参考3パート嘱託!$C$4:$Q$782,B68) -> 0 | I75: =SUM(G75:H75) -> 9 | K75: =G75+H75+J75 -> 9
D76: =VLOOKUP(A69,正社員!$P$39:$Q$195,2,FALSE) -> 生産技術部２課試作係 | E76: =COUNTIF(参考1男性!$C$5:$P$3366,A69) -> 2 | F76: =COUNTIF(参考2女性!$C$5:$Q$551,A69) -> 0 | G76: =E76+F76 -> 2 | H76: =COUNTIF(参考3パート嘱託!$C$4:$Q$782,B69) -> 0 | I76: =SUM(G76:H76) -> 2 | K76: =G76+H76+J76 -> 2
D77: =VLOOKUP(A70,正社員!$P$39:$Q$195,2,FALSE) -> 生産技術部２課保全係 | E77: =COUNTIF(参考1男性!$C$5:$P$3366,A70) -> 1 | F77: =COUNTIF(参考2女性!$C$5:$Q$551,A70) -> 0 | G77: =E77+F77 -> 1 | H77: =COUNTIF(参考3パート嘱託!$C$4:$Q$782,B70) -> 0 | I77: =SUM(G77:H77) -> 1 | K77: =G77+H77+J77 -> 1
C78: 羽生 | D78: =VLOOKUP(A71,正社員!$P$39:$Q$195,2,FALSE) -> 生産技術部（羽生） | E78: =COUNTIF(参考1男性!$C$5:$P$3366,A71) -> 10 | F78: =COUNTIF(参考2女性!$C$5:$Q$551,A71) -> 1 | G78: =E78+F78 -> 11 | H78: =COUNTIF(参考3パート嘱託!$C$4:$Q$782,B71) -> 1 | I78: =SUM(G78:H78) -> 12 | K78: =G78+H78+J78 -> 12
D79: =VLOOKUP(A72,正社員!$P$39:$Q$195,2,FALSE) -> 生産技術部工機（羽生） | E79: =COUNTIF(参考1男性!$C$5:$P$3366,A72) -> 4 | F79: =COUNTIF(参考2女性!$C$5:$Q$551,A72) -> 1 | G79: =E79+F79 -> 5 | H79: =COUNTIF(参考3パート嘱託!$C$4:$Q$782,B72) -> 4 | I79: =SUM(G79:H79) -> 9 | K79: =G79+H79+J79 -> 9
C80: 全社合計 | E80: =E73+E65+E59+E41+E25+E23+E19+E20+E21+E17+E14+E12+E9+E10 -> 392 | F80: =F73+F65+F59+F41+F25+F23+F19+F20+F21+F17+F14+F12+F9+F10 -> 52 | G80: =G73+G65+G59+G41+G25+G23+G19+G20+G21+G17+G14+G12+G9+G10 -> 444 | H80: =H73+H65+H59+H41+H25+H23+H19+H20+H21+H17+H14+H12+H9+H10 -> 81 | I80: =I73+I65+I59+I41+I25+I23+I19+I20+I21+I17+I14+I12+I9+I10 -> 525 | J80: =J73+J65+J59+J41+J25+J23+J19+J20+J21+J17+J14+J12+J9+J10 -> 0 | K80: =K73+K65+K59+K41+K25+K23+K19+K20+K21+K17+K14+K12+K9+K10 -> 525
D81: 2021年10月1日従業員人数
D82: 部署名 | E82: 正社員 | G82: 計 | H82: パ・嘱 | I82: 合計 | J82: 委託 研修生 シルバー | K82: 総合計
E83: M | F83: ｆ
C84: *役員5名、執行役員5名、顧問2名、海外出向者４名の計１６名は除く（国内出向者は含む）
L85: 西海 | M85: 佐藤 | N85: 秋山 | O85: 外山 | P85: 吉野
L86: 時田 | M86: 石塚 | N86: 茂木 | O86: 五十嵐 | P86: 高橋
C87: 入社 | L87: 鈴木 | M87: 上原
C88: 退社 | L88: 増田 | M88: 染谷 | N88: 山田 | O88: 吉田
M89: ①
C90: 異動
C91: 嘱託へ

Sheet 参考1男性
D2: 基準年月日
C3: 社員番号 | D3: 氏名 | E3: 性別 | F3: 生年月日 | J3: 入社 年月 | O3: 学歴 | P3: 部門 | Q3: 部門 | R3: 直間コード | S3: 直間コード | T3: 職専コード
G4: 44621 | P4: コード | Q4: 名
A5: 1 | B5: 37 | C5: 1376 | D5: 山本 剛史 | E5: M | F5: 19811204 | G5: =DATE(INT(F5/10000),INT(MOD(F5,10000)/100),MOD(F5,100)) -> 29924 | H5: =DATEDIF(G5,$G$4,"Y") -> 40 | J5: 20120221 | K5: =DATE(INT(J5/10000),INT(MOD(J5,10000)/100),MOD(J5,100)) -> 40960 | L5: =DATEDIF(K5,$G$4,"Y") -> 10 | M5: =VLOOKUP($C5,#REF!:#REF!,2,FALSE) -> #REF! | O5: 8 | P5: =VLOOKUP($C5,従業員情報!$A$2:'従業員情報'!$AM$2000,5,FALSE) -> 1000 | Q5: =VLOOKUP($C5,従業員情報!$A$2:'従業員情報'!$AM$2000,6,FALSE) -> 人事部 | R5: 0 | T5: 1 | U5: 1
A6: 2 | B6: 53 | C6: 1399 | D6: 松原 幸生 | E6: M | F6: 19660615 | G6: =DATE(INT(F6/10000),INT(MOD(F6,10000)/100),MOD(F6,100)) -> 24273 | H6: =DATEDIF(G6,$G$4,"Y") -> 55 | J6: 20181001 | K6: =DATE(INT(J6/10000),INT(MOD(J6,10000)/100),MOD(J6,100)) -> 43374 | L6: =DATEDIF(K6,$G$4,"Y") -> 3 | M6: =VLOOKUP($C6,#REF!:#REF!,2,FALSE) -> #REF! | O6: 8 | P6: =VLOOKUP($C6,従業員情報!$A$2:'従業員情報'!$AM$2000,5,FALSE) -> 1000 | Q6: =VLOOKUP($C6,従業員情報!$A$2:'従業員情報'!$AM$2000,6,FALSE) -> 人事部 | R6: 0 | T6: 2 | U6: 2
A7: 53 | C7: 1420 | D7: 三原 繫一 | E7: M | F7: 19760722 | G7: =DATE(INT(F7/10000),INT(MOD(F7,10000)/100),MOD(F7,100)) -> 27963 | H7: =DATEDIF(G7,$G$4,"Y") -> 45 | J7: 20220101 | K7: =DATE(INT(J7/10000),INT(MOD(J7,10000)/100),MOD(J7,100)) -> 44562 | L7: =DATEDIF(K7,$G$4,"Y") -> 0 | M7: =VLOOKUP($C7,#REF!:#REF!,2,FALSE) -> #REF! | P7: =VLOOKUP($C7,従業員情報!$A$2:'従業員情報'!$AM$2000,5,FALSE) -> 1000 | Q7: =VLOOKUP($C7,従業員情報!$A$2:'従業員情報'!$AM$2000,6,FALSE) -> 人事部 | U7: 3
A8: 337 | B8: 404 | C8: 3936 | D8: 井出 雄三 | E8: M | F8: 19770909 | G8: =DATE(INT(F8/10000),INT(MOD(F8,10000)/100),MOD(F8,100)) -> 28377 | H8: =DATEDIF(G8,$G$4,"Y") -> 44 | J8: 20060221 | K8: =DATE(INT(J8/10000),INT(MOD(J8,10000)/100),MOD(J8,100)) -> 38769 | L8: =DATEDIF(K8,$G$4,"Y") -> 16 | M8: =VLOOKUP($C8,#REF!:#REF!,2,FALSE) -> #REF! | O8: 7 | P8: =VLOOKUP($C8,従業員情報!$A$2:'従業員情報'!$AM$2000,5,FALSE) -> 1000 | Q8: =VLOOKUP($C8,従業員情報!$A$2:'従業員情報'!$AM$2000,6,FALSE) -> 人事部 | R8: 0 | T8: 1 | U8: 4
C9: 3545 | D9: 今村 哲郎 | P9: =VLOOKUP($C9,従業員情報!$A$2:'従業員情報'!$AM$2000,5,FALSE) -> 1000 | Q9: =VLOOKUP($C9,従業員情報!$A$2:'従業員情報'!$AM$2000,6,FALSE) -> 人事部 | U9: 5
A10: 251 | B10: 294 | C10: 3415 | D10: 味志 康平 | E10: M | F10: 19890705 | G10: =DATE(INT(F10/10000),INT(MOD(F10,10000)/100),MOD(F10,100)) -> 32694 | H10: =DATEDIF(G10,$G$4,"Y") -> 32 | J10: 20140321 | K10: =DATE(INT(J10/10000),INT(MOD(J10,10000)/100),MOD(J10,100)) -> 41719 | L10: =DATEDIF(K10,$G$4,"Y") -> 7 | M10: =VLOOKUP($C10,#REF!:#REF!,2,FALSE) -> #REF! | O10: 8 | P10: =VLOOKUP($C10,従業員情報!$A$2:'従業員情報'!$AM$2000,5,FALSE) -> 1100 | Q10: =VLOOKUP($C10,従業員情報!$A$2:'従業員情報'!$AM$2000,6,FALSE) -> 人事部羽生 | R10: 0 | T10: 1 | U10: 6
A11: 230 | B11: 262 | C11: 3361 | D11: 相馬 裕樹 | E11: M | F11: 19891109 | G11: =DATE(INT(F11/10000),INT(MOD(F11,10000)/100),MOD(F11,100)) -> 32821 | H11: =DATEDIF(G11,$G$4,"Y") -> 32 | J11: 20120321 | K11: =DATE(INT(J11/10000),INT(MOD(J11,10000)/100),MOD(J11,100)) -> 40989 | L11: =DATEDIF(K11,$G$4,"Y") -> 9 | M11: =VLOOKUP($C11,#REF!:#REF!,2,FALSE) -> #REF! | O11: 8 | P11: =VLOOKUP($C11,従業員情報!$A$2:'従業員情報'!$AM$2000,5,FALSE) -> 3000 | Q11: =VLOOKUP($C11,従業員情報!$A$2:'従業員情報'!$AM$2000,6,FALSE) -> 経営管理部 | R11: 0 | T11: 1 | U11: 7
C12: 1446 | D12: 加藤 俊則 | P12: =VLOOKUP($C12,従業員情報!$A$2:'従業員情報'!$AM$2000,5,FALSE) -> 3000 | Q12: =VLOOKUP($C12,従業員情報!$A$2:'従業員情報'!$AM$2000,6,FALSE) -> 経営管理部 | U12: 376
A13: 9 | B13: 12 | C13: 1323 | D13: 戸田 鉄也 | E13: M | F13: 19721018 | G13: =DATE(INT(F13/10000),INT(MOD(F13,10000)/100),MOD(F13,100)) -> 26590 | H13: =DATEDIF(G13,$G$4,"Y") -> 49 | J13: 20030506 | K13: =DATE(INT(J13/10000),INT(MOD(J13,10000)/100),MOD(J13,100)) -> 37747 | L13: =DATEDIF(K13,$G$4,"Y") -> 18 | M13: =VLOOKUP($C13,#REF!:#REF!,2,FALSE) -> #REF! | O13: 8 | P13: =VLOOKUP($C13,従業員情報!$A$2:'従業員情報'!$AM$2000,5,FALSE) -> 10000 | Q13: =VLOOKUP($C13,従業員情報!$A$2:'従業員情報'!$AM$2000,6,FALSE) -> 営業部 | R13: 0 | T13: 1 | U13: 8
A14: 39 | B14: 51 | C14: 1397 | D14: 袴田 晴夫 | E14: M | F14: 19801023 | G14: =DATE(INT(F14/10000),INT(MOD(F14,10000)/100),MOD(F14,100)) -> 29517 | H14: =DATEDIF(G14,$G$4,"Y") -> 41 | J14: 20180201 | K14: =DATE(INT(J14/10000),INT(MOD(J14,10000)/100),MOD(J14,100)) -> 43132 | L14: =DATEDIF(K14,$G$4,"Y") -> 4 | M14: =VLOOKUP($C14,#REF!:#REF!,2,FALSE) -> #REF! | O14: 8 | P14: =VLOOKUP($C14,従業員情報!$A$2:'従業員情報'!$AM$2000,5,FALSE) -> 10000 | Q14: =VLOOKUP($C14,従業員情報!$A$2:'従業員情報'!$AM$2000,6,FALSE) -> 営業部 | R14: 0 | T14: 1 | U14: 9
A15: 176 | B15: 192 | C15: 3210 | D15: 松本 和幸 | E15: M | F15: 19810520 | G15: =DATE(INT(F15/10000),INT(MOD(F15,10000)/100),MOD(F15,100)) -> 29726 | H15: =DATEDIF(G15,$G$4,"Y") -> 40 | J15: 20040322 | K15: =DATE(INT(J15/10000),INT(MOD(J15,10000)/100),MOD(J15,100)) -> 38068 | L15: =DATEDIF(K15,$G$4,"Y") -> 17 | M15: =VLOOKUP($C15,#REF!:#REF!,2,FALSE) -> #REF! | O15: 8 | P15: =VLOOKUP($C15,従業員情報!$A$2:'従業員情報'!$AM$2000,5,FALSE) -> 10000 | Q15: =VLOOKUP($C15,従業員情報!$A$2:'従業員情報'!$AM$2000,6,FALSE) -> 営業部 | R15: 0 | T15: 1 | U15: 10
A16: 217 | B16: 244 | C16: 3331 | D16: 市川 学 | E16: M | F16: 19880505 | G16: =DATE(INT(F16/10000),INT(MOD(F16,10000)/100),MOD(F16,100)) -> 32268 | H16: =DATEDIF(G16,$G$4,"Y") -> 33 | J16: 20110321 | K16: =DATE(INT(J16/10000),INT(MOD(J16,10000)/100),MOD(J16,100)) -> 40623 | L16: =DATEDIF(K16,$G$4,"Y") -> 10 | M16: =VLOOKUP($C16,#REF!:#REF!,2,FALSE) -> #REF! | O16: 8 | P16: =VLOOKUP($C16,従業員情報!$A$2:'従業員情報'!$AM$2000,5,FALSE) -> 10000 | Q16: =VLOOKUP($C16,従業員情報!$A$2:'従業員情報'!$AM$2000,6,FALSE) -> 営業部 | R16: 0 | T16: 1 | U16: 11
A17: 282 | B17: 344 | C17: 3491 | D17: 中村 友和 | E17: M | F17: 19950424 | G17: =DATE(INT(F17/10000),INT(MOD(F17,10000)/100),MOD(F17,100)) -> 34813 | H17: =DATEDIF(G17,$G$4,"Y") -> 26 | J17: 20180402 | K17: =DATE(INT(J17/10000),INT(MOD(J17,10000)/100),MOD(J17,100)) -> 43192 | L17: =DATEDIF(K17,$G$4,"Y") -> 3 | M17: =VLOOKUP($C17,#REF!:#REF!,2,FALSE) -> #REF! | O17: 8 | P17: =VLOOKUP($C17,従業員情報!$A$2:'従業員情報'!$AM$2000,5,FALSE) -> 10000 | Q17: =VLOOKUP($C17,従業員情報!$A$2:'従業員情報'!$AM$2000,6,FALSE) -> 営業部 | R17: 0 | T17: 2 | U17: 12
A18: 289 | B18: 354 | C18: 3503 | D18: 横山 準弥 | E18: M | F18: 19960611 | G18: =DATE(INT(F18/10000),INT(MOD(F18,10000)/100),MOD(F18,100)) -> 35227 | H18: =DATEDIF(G18,$G$4,"Y") -> 25 | J18: 20190401 | K18: =DATE(INT(J18/10000),INT(MOD(J18,10000)/100),MOD(J18,100)) -> 43556 | L18: =DATEDIF(K18,$G$4,"Y") -> 2 | M18: =VLOOKUP($C18,#REF!:#REF!,2,FALSE) -> #REF! | O18: 8 | P18: =VLOOKUP($C18,従業員情報!$A$2:'従業員情報'!$AM$2000,5,FALSE) -> 10000 | Q18: =VLOOKUP($C18,従業員情報!$A$2:'従業員情報'!$AM$2000,6,FALSE) -> 営業部 | R18: 0 | T18: 2 | U18: 203
A19: 151 | B19: 163 | C19: 3129 | D19: 莖田 智樹 | E19: M | F19: 19740219 | G19: =DATE(INT(F19/10000),INT(MOD(F19,10000)/100),MOD(F19,100)) -> 27079 | H19: =DATEDIF(G19,$G$4,"Y") -> 48 | J19: 19970321 | K19: =DATE(INT(J19/10000),INT(MOD(J19,10000)/100),MOD(J19,100)) -> 35510 | L19: =DATEDIF(K19,$G$4,"Y") -> 24 | M19: =VLOOKUP($C19,#REF!:#REF!,2,FALSE) -> #REF! | O19: 8 | P19: =VLOOKUP($C19,従業員情報!$A$2:'従業員情報'!$AM$2000,5,FALSE) -> 10000 | Q19: =VLOOKUP($C19,従業員情報!$A$2:'従業員情報'!$AM$2000,6,FALSE) -> 営業部 | R19: 0 | T19: 1 | U19: 336
A20: 2 | B20: 4 | C20: 1290 | D20: 正木 成彦 | E20: M | F20: 19650109 | G20: =DATE(INT(F20/10000),INT(MOD(F20,10000)/100),MOD(F20,100)) -> 23751 | H20: =DATEDIF(G20,$G$4,"Y") -> 57 | J20: 19940321 | K20: =DATE(INT(J20/10000),INT(MOD(J20,10000)/100),MOD(J20,100)) -> 34414 | L20: =DATEDIF(K20,$G$4,"Y") -> 27 | M20: =VLOOKUP($C20,#REF!:#REF!,2,FALSE) -> #REF! | O20: 8 | P20: =VLOOKUP($C20,従業員情報!$A$2:'従業員情報'!$AM$2000,5,FALSE) -> 20000 | Q20: =VLOOKUP($C20,従業員情報!$A$2:'従業員情報'!$AM$2000,6,FALSE) -> 生産管理部製品管理課 | R20: 0 | T20: 1 | U20: 13
A21: 13 | B21: 16 | C21: 1340 | D21: 田村 一裕 | E21: M | F21: 19750827 | G21: =DATE(INT(F21/10000),INT(MOD(F21,10000)/100),MOD(F21,100)) -> 27633 | H21: =DATEDIF(G21,$G$4,"Y") -> 46 | J21: 20060306 | K21: =DATE(INT(J21/10000),INT(MOD(J21,10000)/100),MOD(J21,100)) -> 38782 | L21: =DATEDIF(K21,$G$4,"Y") -> 15 | M21: =VLOOKUP($C21,#REF!:#REF!,2,FALSE) -> #REF! | O21: 8 | P21: =VLOOKUP($C21,従業員情報!$A$2:'従業員情報'!$AM$2000,5,FALSE) -> 20000 | Q21: =VLOOKUP($C21,従業員情報!$A$2:'従業員情報'!$AM$2000,6,FALSE) -> 生産管理部製品管理課 | R21: 0 | T21: 1 | U21: 14
A22: 96 | B22: 97 | C22: 2809 | D22: 白石 勝則 | E22: M | F22: 19680902 | G22: =DATE(INT(F22/10000),INT(MOD(F22,10000)/100),MOD(F22,100)) -> 25083 | H22: =DATEDIF(G22,$G$4,"Y") -> 53 | J22: 19870326 | K22: =DATE(INT(J22/10000),INT(MOD(J22,10000)/100),MOD(J22,100)) -> 31862 | L22: =DATEDIF(K22,$G$4,"Y") -> 34 | M22: =VLOOKUP($C22,#REF!:#REF!,2,FALSE) -> #REF! | O22: 6 | P22: =VLOOKUP($C22,従業員情報!$A$2:'従業員情報'!$AM$2000,5,FALSE) -> 21000 | Q22: =VLOOKUP($C22,従業員情報!$A$2:'従業員情報'!$AM$2000,6,FALSE) -> 生産管理部調達課 | R22: 0 | T22: 1 | U22: 15
A23: 342 | B23: 409 | C23: 3941 | D23: 山本 佳延 | E23: M | F23: 19690820 | G23: =DATE(INT(F23/10000),INT(MOD(F23,10000)/100),MOD(F23,100)) -> 25435 | J23: 20060703 | K23: =DATE(INT(J23/10000),INT(MOD(J23,10000)/100),MOD(J23,100)) -> 38901 | L23: =DATEDIF(K23,$G$4,"Y") -> 15 | M23: =VLOOKUP($C23,#REF!:#REF!,2,FALSE) -> #REF! | O23: 8 | P23: =VLOOKUP($C23,従業員情報!$A$2:'従業員情報'!$AM$2000,5,FALSE) -> 21000 | Q23: =VLOOKUP($C23,従業員情報!$A$2:'従業員情報'!$AM$2000,6,FALSE) -> 生産管理部調達課 | R23: 0 | T23: 1 | U23: 16
A24: 40 | B24: 52 | C24: 1398 | D24: 相原 永二 | E24: M | F24: 19880831 | G24: =DATE(INT(F24/10000),INT(MOD(F24,10000)/100),MOD(F24,100)) -> 32386 | H24: =DATEDIF(G24,$G$4,"Y") -> 33 | J24: 20190301 | K24: =DATE(INT(J24/10000),INT(MOD(J24,10000)/100),MOD(J24,100)) -> 43525 | L24: =DATEDIF(K24,$G$4,"Y") -> 3 | M24: =VLOOKUP($C24,#REF!:#REF!,2,FALSE) -> #REF! | O24: 8 | P24: =VLOOKUP($C24,従業員情報!$A$2:'従業員情報'!$AM$2000,5,FALSE) -> 22000 | Q24: =VLOOKUP($C24,従業員情報!$A$2:'従業員情報'!$AM$2000,6,FALSE) -> 生産管理部ＩＴ管理課 | R24: 0 | T24: 2 | U24: 17
A25: 50 | C25: 1416 | D25: 入倉 弘介 | E25: ｍ | F25: 19831115 | G25: =DATE(INT(F25/10000),INT(MOD(F25,10000)/100),MOD(F25,100)) -> 30635 | H25: =DATEDIF(G25,$G$4,"Y") -> 38 | J25: 20211001 | K25: =DATE(INT(J25/10000),INT(MOD(J25,10000)/100),MOD(J25,100)) -> 44470 | L25: =DATEDIF(K25,$G$4,"Y") -> 0 | M25: =VLOOKUP($C25,#REF!:#REF!,2,FALSE) -> #REF! | P25: =VLOOKUP($C25,従業員情報!$A$2:'従業員情報'!$AM$2000,5,FALSE) -> 22000 | Q25: =VLOOKUP($C25,従業員情報!$A$2:'従業員情報'!$AM$2000,6,FALSE) -> 生産管理部ＩＴ管理課 | U25: 18
A26: 119 | B26: 123 | C26: 2972 | D26: 鈴木 宗則 | E26: M | F26: 19730919 | G26: =DATE(INT(F26/10000),INT(MOD(F26,10000)/100),MOD(F26,100)) -> 26926 | H26: =DATEDIF(G26,$G$4,"Y") -> 48 | J26: 19940322 | K26: =DATE(INT(J26/10000),INT(MOD(J26,10000)/100),MOD(J26,100)) -> 34415 | L26: =DATEDIF(K26,$G$4,"Y") -> 27 | M26: =VLOOKUP($C26,#REF!:#REF!,2,FALSE) -> #REF! | O26: 7 | P26: =VLOOKUP($C26,従業員情報!$A$2:'従業員情報'!$AM$2000,5,FALSE) -> 22000 | Q26: =VLOOKUP($C26,従業員情報!$A$2:'従業員情報'!$AM$2000,6,FALSE) -> 生産管理部ＩＴ管理課 | R26: 0 | T26: 1 | U26: 20
A27: 124 | B27: 128 | C27: 2984 | D27: 中條 幸一 | E27: M | F27: 19740128 | G27: =DATE(INT(F27/10000),INT(MOD(F27,10000)/100),MOD(F27,100)) -> 27057 | H27: =DATEDIF(G27,$G$4,"Y") -> 48 | J27: 19940322 | K27: =DATE(INT(J27/10000),INT(MOD(J27,10000)/100),MOD(J27,100)) -> 34415 | L27: =DATEDIF(K27,$G$4,"Y") -> 27 | M27: =VLOOKUP($C27,#REF!:#REF!,2,FALSE) -> #REF! | O27: 7 | P27: =VLOOKUP($C27,従業員情報!$A$2:'従業員情報'!$AM$2000,5,FALSE) -> 22000 | Q27: =VLOOKUP($C27,従業員情報!$A$2:'従業員情報'!$AM$2000,6,FALSE) -> 生産管理部ＩＴ管理課 | R27: 0 | T27: 1 | U27: 207
A28: 128 | B28: 134 | C28: 3020 | D28: 島野 寿文 | E28: M | F28: 19710909 | G28: =DATE(INT(F28/10000),INT(MOD(F28,10000)/100),MOD(F28,100)) -> 26185 | H28: =DATEDIF(G28,$G$4,"Y") -> 50 | J28: 19950322 | K28: =DATE(INT(J28/10000),INT(MOD(J28,10000)/100),MOD(J28,100)) -> 34780 | L28: =DATEDIF(K28,$G$4,"Y") -> 26 | M28: =VLOOKUP($C28,#REF!:#REF!,2,FALSE) -> #REF! | O28: 8 | P28: =VLOOKUP($C28,従業員情報!$A$2:'従業員情報'!$AM$2000,5,FALSE) -> 30000 | Q28: =VLOOKUP($C28,従業員情報!$A$2:'従業員情報'!$AM$2000,6,FALSE) -> 生産技術部１課 | R28: 0 | T28: 1 | U28: 22
A29: 149 | B29: 160 | C29: 3109 | D29: 丸山 浩 | E29: M | F29: 19771025 | G29: =DATE(INT(F29/10000),INT(MOD(F29,10000)/100),MOD(F29,100)) -> 28423 | H29: =DATEDIF(G29,$G$4,"Y") -> 44 | J29: 19960321 | K29: =DATE(INT(J29/10000),INT(MOD(J29,10000)/100),MOD(J29,100)) -> 35145 | L29: =DATEDIF(K29,$G$4,"Y") -> 25 | M29: =VLOOKUP($C29,#REF!:#REF!,2,FALSE) -> #REF! | O29: 68 | P29: =VLOOKUP($C29,従業員情報!$A$2:'従業員情報'!$AM$2000,5,FALSE) -> 30000 | Q29: =VLOOKUP($C29,従業員情報!$A$2:'従業員情報'!$AM$2000,6,FALSE) -> 生産技術部１課 | R29: 0 | T29: 1 | U29: 23
A30: 173 | B30: 188 | C30: 3195 | D30: 姫 紅勇 | E30: M | F30: 19710710 | G30: =DATE(INT(F30/10000),INT(MOD(F30,10000)/100),MOD(F30,100)) -> 26124 | H30: =DATEDIF(G30,$G$4,"Y") -> 50 | J30: 20030321 | K30: =DATE(INT(J30/10000),INT(MOD(J30,10000)/100),MOD(J30,100)) -> 37701 | L30: =DATEDIF(K30,$G$4,"Y") -> 18 | M30: =VLOOKUP($C30,#REF!:#REF!,2,FALSE) -> #REF! | O30: 9 | P30: =VLOOKUP($C30,従業員情報!$A$2:'従業員情報'!$AM$2000,5,FALSE) -> 30000 | Q30: =VLOOKUP($C30,従業員情報!$A$2:'従業員情報'!$AM$2000,6,FALSE) -> 生産技術部１課 | R30: 0 | T30: 1 | U30: 24
A31: 179 | B31: 196 | C31: 3214 | D31: 澁江 泰寛 | E31: M | F31: 19780107 | G31: =DATE(INT(F31/10000),INT(MOD(F31,10000)/100),MOD(F31,100)) -> 28497 | H31: =DATEDIF(G31,$G$4,"Y") -> 44 | J31: 20040322 | K31: =DATE(INT(J31/10000),INT(MOD(J31,10000)/100),MOD(J31,100)) -> 38068 | L31: =DATEDIF(K31,$G$4,"Y") -> 17 | M31: =VLOOKUP($C31,#REF!:#REF!,2,FALSE) -> #REF! | O31: 7 | P31: =VLOOKUP($C31,従業員情報!$A$2:'従業員情報'!$AM$2000,5,FALSE) -> 30000 | Q31: =VLOOKUP($C31,従業員情報!$A$2:'従業員情報'!$AM$2000,6,FALSE) -> 生産技術部１課 | R31: 0 | T31: 1 | U31: 25
A32: 219 | B32: 246 | C32: 3333 | D32: 只野 学 | E32: M | F32: 19880527 | G32: =DATE(INT(F32/10000),INT(MOD(F32,10000)/100),MOD(F32,100)) -> 32290 | H32: =DATEDIF(G32,$G$4,"Y") -> 33 | J32: 20110321 | K32: =DATE(INT(J32/10000),INT(MOD(J32,10000)/100),MOD(J32,100)) -> 40623 | L32: =DATEDIF(K32,$G$4,"Y") -> 10 | M32: =VLOOKUP($C32,#REF!:#REF!,2,FALSE) -> #REF! | O32: 8 | P32: =VLOOKUP($C32,従業員情報!$A$2:'従業員情報'!$AM$2000,5,FALSE) -> 30000 | Q32: =VLOOKUP($C32,従業員情報!$A$2:'従業員情報'!$AM$2000,6,FALSE) -> 生産技術部１課 | R32: 0 | T32: 1 | U32: 26
A33: 247 | B33: 290 | C33: 3411 | D33: 眞野 和輝 | E33: M | F33: 19911225 | G33: =DATE(INT(F33/10000),INT(MOD(F33,10000)/100),MOD(F33,100)) -> 33597 | H33: =DATEDIF(G33,$G$4,"Y") -> 30 | J33: 20140321 | K33: =DATE(INT(J33/10000),INT(MOD(J33,10000)/100),MOD(J33,100)) -> 41719 | L33: =DATEDIF(K33,$G$4,"Y") -> 7 | M33: =VLOOKUP($C33,#REF!:#REF!,2,FALSE) -> #REF! | O33: 8 | P33: =VLOOKUP($C33,従業員情報!$A$2:'従業員情報'!$AM$2000,5,FALSE) -> 30000 | Q33: =VLOOKUP($C33,従業員情報!$A$2:'従業員情報'!$AM$2000,6,FALSE) -> 生産技術部１課 | R33: 0 | T33: 1 | U33: 27
A34: 263 | B34: 315 | C34: 3451 | D34: 岩井 啓太 | E34: M | F34: 19930902 | G34: =DATE(INT(F34/10000),INT(MOD(F34,10000)/100),MOD(F34,100)) -> 34214 | H34: =DATEDIF(G34,$G$4,"Y") -> 28 | J34: 20160401 | K34: =DATE(INT(J34/10000),INT(MOD(J34,10000)/100),MOD(J34,100)) -> 42461 | L34: =DATEDIF(K34,$G$4,"Y") -> 5 | M34: =VLOOKUP($C34,#REF!:#REF!,2,FALSE) -> #REF! | O34: 8 | P34: =VLOOKUP($C34,従業員情報!$A$2:'従業員情報'!$AM$2000,5,FALSE) -> 30000 | Q34: =VLOOKUP($C34,従業員情報!$A$2:'従業員情報'!$AM$2000,6,FALSE) -> 生産技術部１課 | R34: 0 | T34: 2 | U34: 28
A35: 271 | B35: 329 | C35: 3471 | D35: 安齊 海渡 | E35: M | F35: 19940827 | G35: =DATE(INT(F35/10000),INT(MOD(F35,10000)/100),MOD(F35,100)) -> 34573 | H35: =DATEDIF(G35,$G$4,"Y") -> 27 | J35: 20170403 | K35: =DATE(INT(J35/10000),INT(MOD(J35,10000)/100),MOD(J35,100)) -> 42828 | L35: =DATEDIF(K35,$G$4,"Y") -> 4 | M35: =VLOOKUP($C35,#REF!:#REF!,2,FALSE) -> #REF! | O35: 8 | P35: =VLOOKUP($C35,従業員情報!$A$2:'従業員情報'!$AM$2000,5,FALSE) -> 30000 | Q35: =VLOOKUP($C35,従業員情報!$A$2:'従業員情報'!$AM$2000,6,FALSE) -> 生産技術部１課 | R35: 0 | T35: 2 | U35: 29
A36: 286 | B36: 351 | C36: 3500 | D36: 清水 優汰 | E36: M | F36: 19960812 | G36: =DATE(INT(F36/10000),INT(MOD(F36,10000)/100),MOD(F36,100)) -> 35289 | H36: =DATEDIF(G36,$G$4,"Y") -> 25 | J36: 20190401 | K36: =DATE(INT(J36/10000),INT(MOD(J36,10000)/100),MOD(J36,100)) -> 43556 | L36: =DATEDIF(K36,$G$4,"Y") -> 2 | M36: =VLOOKUP($C36,#REF!:#REF!,2,FALSE) -> #REF! | O36: 8 | P36: =VLOOKUP($C36,従業員情報!$A$2:'従業員情報'!$AM$2000,5,FALSE) -> 30000 | Q36: =VLOOKUP($C36,従業員情報!$A$2:'従業員情報'!$AM$2000,6,FALSE) -> 生産技術部１課 | R36: 0 | T36: 2 | U36: 30
A37: 294 | B37: 362 | C37: 3515 | D37: 大塚 颯大 | E37: M | F37: 19970618 | G37: =DATE(INT(F37/10000),INT(MOD(F37,10000)/100),MOD(F37,100)) -> 35599 | H37: =DATEDIF(G37,$G$4,"Y") -> 24 | J37: 20200401 | K37: =DATE(INT(J37/10000),INT(MOD(J37,10000)/100),MOD(J37,100)) -> 43922 | L37: =DATEDIF(K37,$G$4,"Y") -> 1 | M37: =VLOOKUP($C37,#REF!:#REF!,2,FALSE) -> #REF! | O37: 8 | P37: =VLOOKUP($C37,従業員情報!$A$2:'従業員情報'!$AM$2000,5,FALSE) -> 30000 | Q37: =VLOOKUP($C37,従業員情報!$A$2:'従業員情報'!$AM$2000,6,FALSE) -> 生産技術部１課 | R37: 1 | S37: ＊ | T37: 2 | U37: 31
A38: 306 | C38: 3531 | D38: 大津 祐汰 | M38: =VLOOKUP($C38,#REF!:#REF!,2,FALSE) -> #REF! | P38: =VLOOKUP($C38,従業員情報!$A$2:'従業員情報'!$AM$2000,5,FALSE) -> 30000 | Q38: =VLOOKUP($C38,従業員情報!$A$2:'従業員情報'!$AM$2000,6,FALSE) -> 生産技術部１課 | U38: 32
A39: 111 | B39: 114 | C39: 2932 | D39: 中島 巧 | E39: M | F39: 19750211 | G39: =DATE(INT(F39/10000),INT(MOD(F39,10000)/100),MOD(F39,100)) -> 27436 | H39: =DATEDIF(G39,$G$4,"Y") -> 47 | J39: 19930322 | K39: =DATE(INT(J39/10000),INT(MOD(J39,10000)/100),MOD(J39,100)) -> 34050 | L39: =DATEDIF(K39,$G$4,"Y") -> 28 | M39: =VLOOKUP($C39,#REF!:#REF!,2,FALSE) -> #REF! | O39: 6 | P39: =VLOOKUP($C39,従業員情報!$A$2:'従業員情報'!$AM$2000,5,FALSE) -> 30000 | Q39: =VLOOKUP($C39,従業員情報!$A$2:'従業員情報'!$AM$2000,6,FALSE) -> 生産技術部１課 | R39: 0 | T39: 1 | U39: 42
A40: 117 | B40: 121 | C40: 2967 | D40: 横木 克 | E40: M | F40: 19690622 | G40: =DATE(INT(F40/10000),INT(MOD(F40,10000)/100),MOD(F40,100)) -> 25376 | H40: =DATEDIF(G40,$G$4,"Y") -> 52 | J40: 19940322 | K40: =DATE(INT(J40/10000),INT(MOD(J40,10000)/100),MOD(J40,100)) -> 34415 | L40: =DATEDIF(K40,$G$4,"Y") -> 27 | M40: =VLOOKUP($C40,#REF!:#REF!,2,FALSE) -> #REF! | O40: 8 | P40: =VLOOKUP($C40,従業員情報!$A$2:'従業員情報'!$AM$2000,5,FALSE) -> 30000 | Q40: =VLOOKUP($C40,従業員情報!$A$2:'従業員情報'!$AM$2000,6,FALSE) -> 生産技術部１課 | R40: 0 | T40: 1 | U40: 220
A41: 58 | C41: 1425 | D41: 中野 裕輔 | E41: M | F41: 19870117 | G41: =DATE(INT(F41/10000),INT(MOD(F41,10000)/100),MOD(F41,100)) -> 31794 | H41: =DATEDIF(G41,$G$4,"Y") -> 35 | J41: 20220411 | K41: =DATE(INT(J41/10000),INT(MOD(J41,10000)/100),MOD(J41,100)) -> 44662 | L41: =DATEDIF(K41,$G$4,"Y") -> #NUM! | M41: =VLOOKUP($C41,#REF!:#REF!,2,FALSE) -> #REF! | P41: =VLOOKUP($C41,従業員情報!$A$2:'従業員情報'!$AM$2000,5,FALSE) -> 31000 | Q41: =VLOOKUP($C41,従業員情報!$A$2:'従業員情報'!$AM$2000,6,FALSE) -> 生産技術部２課工機係 | U41: 34
A42: 187 | B42: 204 | C42: 3233 | D42: 河野 剛二 | E42: M | F42: 19861015 | G42: =DATE(INT(F42/10000),INT(MOD(F42,10000)/100),MOD(F42,100)) -> 31700 | H42: =DATEDIF(G42,$G$4,"Y") -> 35 | J42: 20050321 | K42: =DATE(INT(J42/10000),INT(MOD(J42,10000)/100),MOD(J42,100)) -> 38432 | L42: =DATEDIF(K42,$G$4,"Y") -> 16 | M42: =VLOOKUP($C42,#REF!:#REF!,2,FALSE) -> #REF! | O42: 6 | P42: =VLOOKUP($C42,従業員情報!$A$2:'従業員情報'!$AM$2000,5,FALSE) -> 31000 | Q42: =VLOOKUP($C42,従業員情報!$A$2:'従業員情報'!$AM$2000,6,FALSE) -> 生産技術部２課工機係 | R42: 0 | T42: 1 | U42: 35
A43: 252 | B43: 295 | C43: 3417 | D43: 加藤 俊哉 | E43: M | F43: 19951030 | G43: =DATE(INT(F43/10000),INT(MOD(F43,10000)/100),MOD(F43,100)) -> 35002 | H43: =DATEDIF(G43,$G$4,"Y") -> 26 | J43: 20140321 | K43: =DATE(INT(J43/10000),INT(MOD(J43,10000)/100),MOD(J43,100)) -> 41719 | L43: =DATEDIF(K43,$G$4,"Y") -> 7 | M43: =VLOOKUP($C43,#REF!:#REF!,2,FALSE) -> #REF! | O43: 6 | P43: =VLOOKUP($C43,従業員情報!$A$2:'従業員情報'!$AM$2000,5,FALSE) -> 31000 | Q43: =VLOOKUP($C43,従業員情報!$A$2:'従業員情報'!$AM$2000,6,FALSE) -> 生産技術部２課工機係 | R43: 0 | T43: 2 | U43: 36
A44: 258 | B44: 304 | C44: 3436 | D44: 小菅 隼弥 | E44: M | F44: 19960601 | G44: =DATE(INT(F44/10000),INT(MOD(F44,10000)/100),MOD(F44,100)) -> 35217 | H44: =DATEDIF(G44,$G$4,"Y") -> 25 | J44: 20150401 | K44: =DATE(INT(J44/10000),INT(MOD(J44,10000)/100),MOD(J44,100)) -> 42095 | L44: =DATEDIF(K44,$G$4,"Y") -> 6 | M44: =VLOOKUP($C44,#REF!:#REF!,2,FALSE) -> #REF! | O44: 6 | P44: =VLOOKUP($C44,従業員情報!$A$2:'従業員情報'!$AM$2000,5,FALSE) -> 31000 | Q44: =VLOOKUP($C44,従業員情報!$A$2:'従業員情報'!$AM$2000,6,FALSE) -> 生産技術部２課工機係 | R44: 0 | T44: 2 | U44: 37
A45: 319 | B45: 378 | C45: 3849 | D45: 村松 孝義 | E45: M | F45: 19770824 | G45: =DATE(INT(F45/10000),INT(MOD(F45,10000)/100),MOD(F45,100)) -> 28361 | H45: =DATEDIF(G45,$G$4,"Y") -> 44 | J45: 19941101 | K45: =DATE(INT(J45/10000),INT(MOD(J45,10000)/100),MOD(J45,100)) -> 34639 | L45: =DATEDIF(K45,$G$4,"Y") -> 27 | M45: =VLOOKUP($C45,#REF!:#REF!,2,FALSE) -> #REF! | O45: 26 | P45: =VLOOKUP($C45,従業員情報!$A$2:'従業員情報'!$AM$2000,5,FALSE) -> 31000 | Q45: =VLOOKUP($C45,従業員情報!$A$2:'従業員情報'!$AM$2000,6,FALSE) -> 生産技術部２課工機係 | R45: 0 | T45: 2 | U45: 38
A46: 378 | B46: 455 | C46: 5119 | D46: 三浦 弘 | E46: M | F46: 19670723 | G46: =DATE(INT(F46/10000),INT(MOD(F46,10000)/100),MOD(F46,100)) -> 24676 | H46: =DATEDIF(G46,$G$4,"Y") -> 54 | J46: 19850326 | K46: =DATE(INT(J46/10000),INT(MOD(J46,10000)/100),MOD(J46,100)) -> 31132 | L46: =DATEDIF(K46,$G$4,"Y") -> 36 | M46: =VLOOKUP($C46,#REF!:#REF!,2,FALSE) -> #REF! | O46: 46 | P46: =VLOOKUP($C46,従業員情報!$A$2:'従業員情報'!$AM$2000,5,FALSE) -> 31000 | Q46: =VLOOKUP($C46,従業員情報!$A$2:'従業員情報'!$AM$2000,6,FALSE) -> 生産技術部２課工機係 | R46: 0 | T46: 2 | U46: 39
C47: 3544 | D47: 佐藤 善次郎 | P47: =VLOOKUP($C47,従業員情報!$A$2:'従業員情報'!$AM$2000,5,FALSE) -> 31000 | Q47: =VLOOKUP($C47,従業員情報!$A$2:'従業員情報'!$AM$2000,6,FALSE) -> 生産技術部２課工機係 | U47: 80
A48: 109 | B48: 111 | C48: 2910 | D48: 菊地 孝男 | E48: M | F48: 19740126 | G48: =DATE(INT(F48/10000),INT(MOD(F48,10000)/100),MOD(F48,100)) -> 27055 | H48: =DATEDIF(G48,$G$4,"Y") -> 48 | J48: 19920323 | K48: =DATE(INT(J48/10000),INT(MOD(J48,10000)/100),MOD(J48,100)) -> 33686 | L48: =DATEDIF(K48,$G$4,"Y") -> 29 | M48: =VLOOKUP($C48,#REF!:#REF!,2,FALSE) -> #REF! | O48: 6 | P48: =VLOOKUP($C48,従業員情報!$A$2:'従業員情報'!$AM$2000,5,FALSE) -> 31000 | Q48: =VLOOKUP($C48,従業員情報!$A$2:'従業員情報'!$AM$2000,6,FALSE) -> 生産技術部２課工機係 | R48: 0 | T48: 1 | U48: 219
A49: 205 | B49: 224 | C49: 3283 | D49: 山田 諒 | E49: M | F49: 19891023 | G49: =DATE(INT(F49/10000),INT(MOD(F49,10000)/100),MOD(F49,100)) -> 32804 | H49: =DATEDIF(G49,$G$4,"Y") -> 32 | J49: 20080321 | K49: =DATE(INT(J49/10000),INT(MOD(J49,10000)/100),MOD(J49,100)) -> 39528 | L49: =DATEDIF(K49,$G$4,"Y") -> 13 | M49: =VLOOKUP($C49,#REF!:#REF!,2,FALSE) -> #REF! | O49: 6 | P49: =VLOOKUP($C49,従業員情報!$A$2:'従業員情報'!$AM$2000,5,FALSE) -> 32000 | Q49: =VLOOKUP($C49,従業員情報!$A$2:'従業員情報'!$AM$2000,6,FALSE) -> 生産技術部２課試作係 | R49: 0 | T49: 1 | U49: 40
A50: 314 | B50: 373 | C50: 3787 | D50: 柴崎 憲一 | E50: M | F50: 19700222 | G50: =DATE(INT(F50/10000),INT(MOD(F50,10000)/100),MOD(F50,100)) -> 25621 | H50: =DATEDIF(G50,$G$4,"Y") -> 52 | J50: 19891204 | K50: =DATE(INT(J50/10000),INT(MOD(J50,10000)/100),MOD(J50,100)) -> 32846 | L50: =DATEDIF(K50,$G$4,"Y") -> 32 | M50: =VLOOKUP($C50,#REF!:#REF!,2,FALSE) -> #REF! | O50: 6 | P50: =VLOOKUP($C50,従業員情報!$A$2:'従業員情報'!$AM$2000,5,FALSE) -> 32000 | Q50: =VLOOKUP($C50,従業員情報!$A$2:'従業員情報'!$AM$2000,6,FALSE) -> 生産技術部２課試作係 | R50: 0 | T50: 2 | U50: 41
